episode,length,time,reward,delta
0,46.0,0.004795999999714695,0.0,-0.000700338122161071
1,114.0,0.011765000000195869,0.0,-9.594213173168763e-05
2,15.0,0.0016249999998763087,0.0,-0.0005660176983564837
3,37.0,0.0037729999999100983,0.0,0.00011954606433824253
4,30.0,0.0030639999999948486,0.0,0.00013145407666148226
5,85.0,0.008457999999791355,0.0,-0.0003016485227547526
6,23.0,0.0023820000001251174,0.0,-0.000189457786361651
7,28.0,0.002874000000247179,0.0,-0.0005241255734582911
8,34.0,0.003460999999788328,0.0,-0.00044759254279256233
9,27.0,0.0027700000000550062,0.0,0.0001547159793478127
10,5.0,0.0006180000000313157,0.0,0.00016535548656698278
11,74.0,0.007348999999976513,0.0,0.0001773976377732886
12,14.0,0.0015029999999569554,0.0,1.773976377732886e-05
13,94.0,0.009281000000100903,0.0,-0.000690636966141266
14,74.0,0.0073390000002291345,0.0,-0.0006599713634167239
15,18.0,0.0018829999999070424,0.0,-9.234107846167375e-05
16,21.0,0.0021769999998468847,0.0,0.00013174452713915008
17,33.0,0.0033629999998083804,0.0,0.00011931834108228827
18,20.0,0.0020959999997103296,0.0,-0.0001547314181300581
19,21.0,0.0021880000003875466,0.0,-0.00013017222372764114
20,24.0,0.002496999999948457,0.0,1.3174452713914987e-05
21,10.0,0.0011140000001432782,0.0,1.3174452713915095e-06
22,19.0,0.0019969999998465937,0.0,-0.00027559998531554364
23,12.0,0.002589000000170927,0.0,0.00019146185452174208
24,19.0,0.002215999999862106,0.0,1.9146185452174202e-05
25,48.0,0.005016000000068743,0.0,-0.0005321710100682088
26,26.0,0.0028119999997215928,0.0,7.193254710176323e-05
27,18.0,0.002059999999801221,0.0,0.00023383081693560334
28,34.0,0.003553999999894586,0.0,0.00018177815067865695
29,130.0,0.014046999999663967,0.0,-0.0006456791826945474
30,7.0,0.0009079999999812571,0.0,0.0001801413827165407
31,30.0,0.003357999999934691,0.0,0.00015718284171684365
32,17.0,0.00198099999988699,0.0,3.328874714616747e-05
33,7.0,0.0009009999998852436,0.0,3.328874714616744e-06
34,9.0,0.0011320000003252062,0.0,1.5718284171684354e-05
35,8.0,0.0010239999996883853,0.0,0.00019674729588633965
36,34.0,0.0035000000002582965,0.0,-0.0007921408936245007
37,22.0,0.002282999999806634,0.0,0.00019615275224407037
38,25.0,0.0025660000001153094,0.0,0.0001211979591695654
39,4.0,0.0005209999999351567,0.0,0.0001915740674074394
40,20.0,0.002080000000205473,0.0,1.915740674074393e-05
41,28.0,0.0028590000001713634,0.0,-0.0007429776007430698
42,10.0,0.001103999999941152,0.0,0.00018048572407057466
43,21.0,0.0021989999995639664,0.0,0.0001956542843323741
44,28.0,0.002874000000247179,0.0,3.3288747146168526e-07
45,16.0,0.00171299999965413,0.0,0.00019510472105458391
46,16.0,0.0016999999998006388,0.0,1.9510472105458386e-05
47,81.0,0.008042999999815947,0.0,-6.407489940542653e-05
48,18.0,0.002070000000003347,0.0,0.0001939243115538334
49,26.0,0.0026960000000144646,0.0,0.0001191464980109628
50,57.0,0.005720999999994092,0.0,-0.0003093405158900565
51,51.0,0.005090999999993073,0.0,0.0001706174043653901
52,8.0,0.000905999999758933,0.0,0.00018176380063804858
53,27.0,0.0027629999999589927,0.0,0.00014942342418270224
54,48.0,0.00481000000036147,0.0,-7.003381221610709e-05
55,33.0,0.0033770000000004075,0.0,-7.921408936245001e-05
56,4.0,0.0005169999999452557,0.0,0.00018475587171663994
57,37.0,0.003736000000117201,0.0,0.0001359612020649103
58,12.0,0.0013009999997848354,0.0,-6.599713634167231e-05
59,60.0,0.005979999999908614,0.0,4.9896615280361285e-05
60,22.0,0.002264000000195665,0.0,0.0001804485105071418
61,7.0,0.0008060000000114087,0.0,0.00016723519386877618
62,4.0,0.0005129999999553547,0.0,0.0001953455795823495
63,26.0,0.002656000000115455,0.0,0.00012570865271556027
64,4.0,0.0005180000002837915,0.0,0.00019545370975402568
65,36.0,0.00364499999977852,0.0,1.9545370975402568e-05
66,36.0,0.0036439999998947314,0.0,1.954537097540246e-06
67,28.0,0.003034999999727006,0.0,4.610539786035182e-05
68,19.0,0.0020539999995889957,0.0,0.0001782206596471598
69,37.0,0.003736000000117201,0.0,-7.921408936245009e-06
70,51.0,0.005101000000195199,0.0,0.0001400362626754943
71,11.0,0.0011970000000474101,0.0,0.0001970768181238451
72,39.0,0.003975000000082218,0.0,0.00017976177549639905
73,30.0,0.003048999999919033,0.0,0.00019468820078412177
74,25.0,0.0025740000000951113,0.0,0.00019460879976637696
75,79.0,0.007806999999957043,0.0,4.9896615280361285e-06
76,43.0,0.004322000000229309,0.0,0.00019738258272001378
77,22.0,0.002265999999963242,0.0,0.00017175369498338637
78,22.0,0.002265999999963242,0.0,4.98966152803602e-07
79,6.0,0.0007120000000213622,0.0,0.00019647337474976376
80,68.0,0.006738000000041211,0.0,0.00016763019937185707
81,36.0,0.0036199999999553256,0.0,-0.0002693413989547926
82,8.0,0.0009030000001075678,0.0,1.973825827200138e-05
83,26.0,0.0026390000002720626,0.0,0.0001848008957144669
84,30.0,0.003038999999716907,0.0,4.989661528035207e-08
85,35.0,0.0035189999998692656,0.0,0.0002143190653121566
86,51.0,0.00505299999986164,0.0,0.00021522043225801128
87,4.0,0.0005089999999654538,0.0,0.00019774776013435595
88,19.0,0.001968999999917287,0.0,0.00019548254520672858
89,46.0,0.004572000000280241,0.0,0.00019539687461846828
90,26.0,0.0026510000002417655,0.0,0.00019543839850324186
91,4.0,0.0005120000000715663,0.0,1.953968746184681e-05
92,59.0,0.005816999999751715,0.0,1.8480089571446695e-05
93,11.0,0.0011880000001838198,0.0,0.00019732509444530082
94,12.0,0.001287999999931344,0.0,0.00021556279604991339
95,40.0,0.00398300000006202,0.0,-1.5312171577966046e-05
96,7.0,0.0008090000001175213,0.0,0.00017629474038700896
97,16.0,0.001667999999881431,0.0,0.00021314711195312582
98,19.0,0.001959000000169908,0.0,2.1556279604991336e-05
99,25.0,0.002536999999847467,0.0,0.00023358782855208658
100,16.0,0.0016839999998410349,0.0,0.0002225061251118463
101,23.0,0.002351000000089698,0.0,2.3358782855208653e-05
102,24.0,0.002449999999953434,0.0,0.00014012088170664704
103,136.0,0.013291000000208442,0.0,0.00018388516445466837
104,48.0,0.004791999999724794,0.0,0.00013228500213452606
105,19.0,0.001971000000139611,0.0,-1.3017222372764124e-05
106,21.0,0.0021660000002157176,0.0,2.1556279604991336e-06
107,45.0,0.004520999999840569,0.0,-0.0001259579863517934
108,16.0,0.0016709999999875436,0.0,1.4003626267549438e-05
109,21.0,0.0021600000000034925,0.0,-6.599713634167258e-06
110,38.0,0.0038409999997384148,0.0,0.00018880310631148905
111,30.0,0.0030480000000352447,0.0,1.4012088170664713e-05
112,24.0,0.0024530000000595464,0.0,0.0002189658500351826
113,21.0,0.002175000000079308,0.0,0.00016291748523881934
114,46.0,0.004565000000184227,0.0,0.00017171569622008112
115,12.0,0.0012990000000172586,0.0,0.0001985485635981848
116,23.0,0.002363000000059401,0.0,0.0002008498036760756
117,17.0,0.001772999999957392,0.0,0.00019675515942153103
118,35.0,0.003521999999975378,0.0,-0.0008461097220770437
119,22.0,0.00224400000024616,0.0,-1.3017222372764341e-06
120,15.0,0.0015790000002198212,0.0,1.96755159421531e-05
121,14.0,0.0014790000000175496,0.0,1.9675515942153073e-06
122,24.0,0.0024370000000999426,0.0,0.0001981766656458959
123,10.0,0.0011030000000573636,0.0,1.9675515942153615e-07
124,23.0,0.002347000000099797,0.0,1.9675515942148194e-08
125,35.0,0.003513000000111788,0.0,-6.407489940542639e-06
126,36.0,0.0036039999999957217,0.0,0.00019047086719204602
127,29.0,0.002915000000029977,0.0,0.00024786791946683446
128,31.0,0.003101000000242493,0.0,0.00019659380758256737
129,7.0,0.0008069999998951971,0.0,0.00018530099771672386
130,28.0,0.0028250000000298314,0.0,1.3228500213452584e-05
131,6.0,0.000709999999799038,0.0,1.853009977167237e-05
132,14.0,0.0014840000003459863,0.0,1.8530099771672424e-06
133,21.0,0.002152999999907479,0.0,0.00017798364365563326
134,14.0,0.0014820000001236622,0.0,1.7798364365563323e-05
135,19.0,0.0019699999998010753,0.0,1.7798364365563405e-06
136,49.0,0.004907000000002881,0.0,0.00018134692981476688
137,49.0,0.004877999999735039,0.0,-6.407489940542721e-07
138,26.0,0.0026550000002316665,0.0,0.00016139577958254692
139,20.0,0.0023419999997713603,0.0,0.00019471944495020119
140,95.0,0.009413000000222382,0.0,1.8388516445466837e-05
141,18.0,0.0018919999997706327,0.0,0.00019824286039935458
142,51.0,0.0055929999998625135,0.0,0.00018065946336682547
143,27.0,0.0027970000001005246,0.0,0.0002460250475553442
144,50.0,0.005047999999987951,0.0,2.4786791946683473e-05
145,11.0,0.001220999999986816,0.0,2.0084980367607563e-05
146,15.0,0.0020329999997557024,0.0,0.00019725261513249738
147,11.0,0.0012200000001030276,0.0,0.00019293086010295762
148,68.0,0.006777000000056432,0.0,1.7171569622008106e-05
149,39.0,0.0039510000001428125,0.0,0.00023518634666301198
150,29.0,0.0029580000000350992,0.0,-6.599713634166987e-07
151,9.0,0.0011130000002594898,0.0,0.00019852474135866055
152,29.0,0.0029890000000705186,0.0,0.00019341824104784208
153,22.0,0.0022939999998925487,0.0,3.406929369822236e-05
154,29.0,0.0029669999998986896,0.0,0.0001845583149218152
155,15.0,0.0016020000002754387,0.0,0.00024310187699857854
156,18.0,0.0018800000002556772,0.0,-1.301722237276163e-07
157,13.0,0.0014229999997041887,0.0,0.00016758009464049807
158,40.0,0.0040159999998650164,0.0,1.6758009464049815e-05
159,16.0,0.001694000000043161,0.0,1.6758009464049842e-06
160,14.0,0.001502000000073167,0.0,5.040780210379e-05
161,21.0,0.0021809999998367857,0.0,-1.2595798635179348e-05
162,13.0,0.0013950000002296292,0.0,0.00019821367960597713
163,12.0,0.0012950000000273576,0.0,0.0002154697839885883
164,65.0,0.006429999999909342,0.0,0.00025697327760264705
165,47.0,0.00469199999997727,0.0,-6.407489940542179e-08
166,11.0,0.0012040000001434237,0.0,0.00017862846444125774
167,25.0,0.002555000000029395,0.0,-0.00043710708056990264
168,14.0,0.0014900000001034641,0.0,2.569732776026471e-05
169,72.0,0.0071510000002490415,0.0,0.0002597235706500971
170,24.0,0.0024699999999029387,0.0,4.3247525468620494e-05
171,15.0,0.0015989999997145787,0.0,0.00017460593772323244
172,31.0,0.00315199999977267,0.0,-1.259579863517943e-06
173,36.0,0.003627000000051339,0.0,0.00021979618106666564
174,20.0,0.002076000000215572,0.0,0.00023778639486333043
175,39.0,0.004074999999829743,0.0,0.0001927485673911901
176,17.0,0.0017739999998411804,0.0,0.0001984404785233674
177,6.0,0.0007230000001072767,0.0,0.0001985049602295836
178,15.0,0.0015800000001036096,0.0,0.00018140040686818781
179,33.0,0.003319000000374217,0.0,2.3778639486333043e-05
180,26.0,0.002652000000125554,0.0,0.00016750365270179
181,10.0,0.0010950000000775617,0.0,1.6750365270178986e-05
182,35.0,0.003521999999975378,0.0,0.0001765910177302423
183,11.0,0.001198999999814987,0.0,1.6750365270179013e-06
184,12.0,0.0013019999996686238,0.0,1.7659101773024227e-05
185,5.0,0.0006160000002637389,0.0,0.00017515583685944166
186,21.0,0.0021769999998468847,0.0,0.00016726925319084974
187,9.0,0.0010000000002037268,0.0,0.00019772482473402248
188,32.0,0.0032350000001315493,0.0,0.00016757831691050024
189,14.0,0.0014899999996487168,0.0,2.197961810666656e-05
190,6.0,0.0007129999999051506,0.0,0.00017842816472772184
191,11.0,0.0012059999999110005,0.0,2.197961810666653e-06
192,16.0,0.0016810000001896697,0.0,0.0001191896102575084
193,6.0,0.0007089999999152496,0.0,0.0001908426918069914
194,25.0,0.002563000000009197,0.0,0.0002525732508605909
195,12.0,0.0012980000001334702,0.0,1.1918961025750844e-05
196,14.0,0.00148799999988114,0.0,0.0001589421341775935
197,22.0,0.0022770000000491564,0.0,0.0002367532750857256
198,70.0,0.006913000000167813,0.0,0.0002231505795943669
199,21.0,0.002175000000079308,0.0,3.406929369822244e-06
200,9.0,0.0010120000001734297,0.0,0.00023944392998628768
201,18.0,0.001874000000043452,0.0,0.00016390509697289483
202,6.0,0.0007129999999051506,0.0,0.00019826027406110922
203,13.0,0.0013949999997748819,0.0,0.0002625475255183298
204,17.0,0.0017790000001696171,0.0,0.0001538875888281771
205,22.0,0.0022639999997409177,0.0,0.00023962048760336956
206,103.0,0.010124000000359956,0.0,0.00019802255958499028
207,30.0,0.0030659999997624254,0.0,7.466455972764363e-05
208,50.0,0.004976999999598775,0.0,1.5894213417759343e-05
209,10.0,0.0010949999996228144,0.0,0.0001978907438819664
210,70.0,0.006908999999723164,0.0,0.00020853663854725652
211,22.0,0.0022810000000390573,0.0,0.00026628622190397254
212,39.0,0.003926999999748659,0.0,0.00019825489055851712
213,24.0,0.002449999999953434,0.0,0.00017938793333031105
214,21.0,0.0021729999998569838,0.0,0.00019308025163542828
215,17.0,0.0017900000002555316,0.0,-4.755562585551082e-05
216,16.0,0.0016749999999774445,0.0,0.00019665770769517065
217,7.0,0.0009079999999812571,0.0,0.0001981372613123608
218,5.0,0.0006749999997737177,0.0,1.9813726131236067e-05
219,5.0,0.0006900000003042805,0.0,1.9813726131236175e-06
220,15.0,0.001734999999825959,0.0,0.00018200951271730225
221,23.0,0.0025949999999284046,0.0,7.466455972764347e-06
222,35.0,0.0038800000002083834,0.0,7.892589982974276e-05
223,22.0,0.0024899999998524436,0.0,1.8200951271730233e-05
224,21.0,0.002373999999690568,0.0,0.0001962665953783104
225,10.0,0.0012179999998807034,0.0,0.00019814594632990408
226,6.0,0.0007940000000417058,0.0,1.9814594632990414e-05
227,46.0,0.00503500000013446,0.0,0.00016760992728441891
228,17.0,0.001952999999957683,0.0,0.00016456792260106581
229,17.0,0.0019560000000637956,0.0,0.0002611096734038098
230,8.0,0.0010050000000774162,0.0,1.67609927284419e-05
231,9.0,0.001111999999920954,0.0,2.611096734038098e-05
232,9.0,0.0011130000002594898,0.0,0.00019818138406194142
233,4.0,0.0005689999998139683,0.0,1.9818138406194145e-05
234,8.0,0.000998999999865191,0.0,1.981813840619428e-06
235,16.0,0.0018460000001141452,0.0,0.00016455327139035705
236,34.0,0.003753999999844382,0.0,1.6455327139035714e-05
237,30.0,0.0032959999998638523,0.0,0.00019205733587549556
238,52.0,0.005593000000317261,0.0,0.0002293931701472356
239,39.0,0.004287000000203989,0.0,1.9308025163542825e-05
240,5.0,0.0006800000001021544,0.0,0.0001981101415952275
241,30.0,0.003345999999964988,0.0,0.00017791821258856622
242,12.0,0.001427000000148837,0.0,0.0001676732697274622
243,24.0,0.0026979999997820414,0.0,2.2939317014723586e-05
244,14.0,0.0016359999999622232,0.0,0.00019678376885279145
245,83.0,0.008941000000049826,0.0,-9.054926079006434e-06
246,40.0,0.004367999999885797,0.0,0.0002511352122619359
247,22.0,0.0024859999998625426,0.0,2.293931701472348e-06
248,13.0,0.00153699999964374,0.0,0.00019800582638582648
249,4.0,0.0005710000000362925,0.0,0.00019853018220019169
250,17.0,0.0019509999997353589,0.0,2.293931701472375e-07
251,6.0,0.0007860000000619038,0.0,2.2939317014707486e-08
252,19.0,0.002076000000215572,0.0,2.2939317014924326e-09
253,12.0,0.0013119999998707499,0.0,2.511352122619361e-05
254,11.0,0.0012240000000929285,0.0,2.5113521226193826e-06
255,11.0,0.0012069999997947889,0.0,0.00019543896384481552
256,18.0,0.0018989999998666462,0.0,0.0002686701398251292
257,5.0,0.0006600000001526496,0.0,1.9800582638582637e-05
258,8.0,0.0009290000002692977,0.0,0.00019538870423875217
259,22.0,0.0022899999999026477,0.0,0.00019683656763297563
260,41.0,0.0041150000001835,0.0,0.00016434163508178878
261,4.0,0.0005169999999452557,0.0,0.000180430462023657
262,6.0,0.000709999999799038,0.0,1.8043046202365694e-05
263,27.0,0.0027620000000752043,0.0,0.00016715232267874982
264,24.0,0.0024650000000292493,0.0,0.00018073908323144492
265,20.0,0.002520999999887863,0.0,0.0001946004862807465
266,17.0,0.0017530000000078871,0.0,2.5113521226195453e-07
267,28.0,0.00275099999998929,0.0,0.00021768824961265995
268,31.0,0.0030289999999695283,0.0,0.00019709976608331007
269,4.0,0.0005009999999856518,0.0,0.00019808608532841666
270,20.0,0.0019919999999729043,0.0,1.9460048628074637e-05
271,32.0,0.003096999999797845,0.0,1.5388758882817693e-05
272,38.0,0.0037649999999302963,0.0,-0.0003861238758363433
273,12.0,0.001243000000158645,0.0,0.00019474604842719518
274,5.0,0.0006039999998392886,0.0,0.00018067403668554856
275,4.0,0.000503999999637017,0.0,0.00018547707044390827
276,32.0,0.0031119999998736603,0.0,0.00017944589228263943
277,39.0,0.00375800000028903,0.0,1.9308025163542906e-06
278,9.0,0.0009599999998499698,0.0,0.00024121175109838303
279,12.0,0.0012480000000323344,0.0,1.8547707044390833e-05
280,21.0,0.0020939999999427528,0.0,0.0002575068847811762
281,9.0,0.0009700000000520959,0.0,2.5750688478117618e-05
282,105.0,0.009919000000081724,0.0,0.00020157995159371947
283,51.0,0.0048710000000937725,0.0,-1.9044332940666372e-05
284,20.0,0.001987000000099215,0.0,0.0001768825577714809
285,13.0,0.0013309999999364663,0.0,0.00019297731553194106
286,17.0,0.001702000000022963,0.0,0.00017771750592485377
287,34.0,0.003267000000050757,0.0,0.00019822712810831653
288,34.0,0.0032700000001568696,0.0,0.00016703585410084775
289,22.0,0.0025829999999587017,0.0,1.6703585410084767e-05
290,14.0,0.0014580000001842564,0.0,0.00019853371560647604
291,19.0,0.0018869999998969433,0.0,2.41211751098383e-05
292,15.0,0.0015330000001085864,0.0,0.00019647180658974984
293,20.0,0.0019730000003619352,0.0,1.9297731553194095e-05
294,49.0,0.004676999999901454,0.0,0.0001953473990232222
295,32.0,0.003093000000262691,0.0,1.929773155319404e-06
296,16.0,0.0016120000000228174,0.0,1.9822712810831642e-05
297,33.0,0.0031770000000506116,0.0,2.575068847811778e-06
298,28.0,0.0027179999997315463,0.0,2.575068847811995e-07
299,12.0,0.0012320000000727305,0.0,0.0001836298283720324
300,14.0,0.0014169999999467109,0.0,0.00019433789923568892
301,27.0,0.0026149999998779094,0.0,1.8362982837203236e-05
302,32.0,0.003080999999838241,0.0,0.00012568534979766897
303,27.0,0.0026049999996757833,0.0,1.836298283720329e-06
304,10.0,0.0010569999999461288,0.0,0.00016427598047560272
305,6.0,0.0006840000000920554,0.0,0.00018528226981032054
306,15.0,0.0015610000000378932,0.0,1.8528226981032056e-05
307,25.0,0.0024350000003323657,0.0,0.00017642038595125936
308,33.0,0.0034780000000864675,0.0,0.000194562869974109
309,28.0,0.0028739999997924315,0.0,0.00019530144043507016
310,12.0,0.001243000000158645,0.0,0.00021227508551936887
311,29.0,0.0028069999998479034,0.0,0.00017549626998717295
312,22.0,0.002159000000119704,0.0,0.0001951917952278046
313,11.0,0.0011400000003050081,0.0,0.0001663901352789784
314,40.0,0.003811000000041531,0.0,0.0001822400040556398
315,9.0,0.0009520000003249152,0.0,0.0002603435341410277
316,12.0,0.001235000000178843,0.0,0.00019436933029183003
317,81.0,0.007751000000098429,0.0,0.0001842375116412161
318,18.0,0.0018169999998463027,0.0,0.00016094228741129796
319,8.0,0.0008749999997235136,0.0,0.00013206007354173236
320,24.0,0.002363000000059401,0.0,0.00019171009936256157
321,21.0,0.0020839999997406267,0.0,1.8423751164121596e-05
322,16.0,0.001629000000320957,0.0,1.3206007354173242e-05
323,29.0,0.0028510000001915614,0.0,0.0002089674677859956
324,49.0,0.004718000000139,0.0,1.8423751164121623e-06
325,20.0,0.002009000000271044,0.0,1.6094228741129796e-05
326,33.0,0.003200000000106229,0.0,0.00019843753246966806
327,18.0,0.0018089999998665007,0.0,0.000190388439325929
328,5.0,0.0005919999998695857,0.0,0.00017871777915924345
329,34.0,0.003323999999793159,0.0,0.00017760455887788051
330,31.0,0.0030259999998634157,0.0,1.7760455887788043e-05
331,8.0,0.0008709999997336126,0.0,1.7760455887788097e-06
332,33.0,0.003208000000086031,0.0,0.00019250898446336348
333,26.0,0.0025449999998272688,0.0,1.925089844633635e-05
334,21.0,0.0020810000000892614,0.0,0.00019181689762136272
335,36.0,0.003521999999975378,0.0,2.0896746778599582e-05
336,13.0,0.0013369999996939441,0.0,0.00019822576192961937
337,13.0,0.0013429999999061693,0.0,0.00016324806023128698
338,29.0,0.0028159999997114937,0.0,1.9038843932592893e-05
339,9.0,0.0010569999999461288,0.0,1.9038843932592947e-06
340,4.0,0.0004930000000058499,0.0,0.00018319725634701424
341,18.0,0.0018180000001848384,0.0,0.00019803597532354962
342,8.0,0.0008680000000822474,0.0,1.9803597532354962e-05
343,6.0,0.0007000000000516593,0.0,1.980359753235507e-06
344,7.0,0.0007820000000720029,0.0,0.000261781330330893
345,100.0,0.009442999999919266,0.0,0.00016436900193355294
346,7.0,0.0007789999999658903,0.0,0.00019803890716044742
347,15.0,0.0015260000000125729,0.0,1.6436900193355286e-05
348,9.0,0.0009620000000722939,0.0,0.00019832088099534795
349,8.0,0.0008749999997235136,0.0,1.9832088099534784e-05
350,8.0,0.0008689999999660358,0.0,0.00018086047745607256
351,16.0,0.0016120000000228174,0.0,1.8086047745607248e-05
352,19.0,0.0019039999997403356,0.0,2.6178133033089284e-05
353,6.0,0.0006920000000718574,0.0,0.0001940608674154444
354,7.0,0.0007780000000821019,0.0,0.00017615357640423727
355,35.0,0.0034459999997125124,0.0,-0.00048042008248483576
356,48.0,0.004594999999881111,0.0,1.9406086741544445e-05
357,14.0,0.0014240000000427244,0.0,0.00011435531270526575
358,17.0,0.0017640000000938016,0.0,0.00019807679585884293
359,82.0,0.007771999999931722,0.0,0.00024002682543224036
360,4.0,0.0004960000001119624,0.0,0.00017902593140924417
361,11.0,0.0011529999997037521,0.0,0.00019561406744885316
362,69.0,0.0065509999999449064,0.0,0.0002023751900884092
363,43.0,0.00503500000013446,0.0,-4.371070805699024e-05
364,33.0,0.0032320000000254367,0.0,0.0001675178771725304
365,24.0,0.002373999999690568,0.0,0.0002098912682376149
366,24.0,0.0023559999999633874,0.0,0.0001932036246346292
367,30.0,0.002934999999979482,0.0,0.0001939079363302751
368,7.0,0.0007820000000720029,0.0,0.00019802534498079372
369,17.0,0.0017109999998865533,0.0,0.00019794836083417857
370,8.0,0.000875000000178261,0.0,0.0001956942964004413
371,31.0,0.0030109999997876002,0.0,2.4002682543224025e-05
372,32.0,0.0031180000000858854,0.0,0.00018065687305549299
373,62.0,0.005961000000297645,0.0,0.00016722025470039986
374,33.0,0.003210999999737396,0.0,0.0001929502006714975
375,10.0,0.0010710000001381559,0.0,0.0001675580788361464
376,13.0,0.0013579999999819847,0.0,0.00019405347461607514
377,14.0,0.0014449999998760177,0.0,1.9569429640044125e-05
378,15.0,0.0015309999998862622,0.0,0.00016710376476688894
379,4.0,0.0004989999997633277,0.0,1.6710376476688902e-05
380,29.0,0.0028279999996811966,0.0,2.4002682543224053e-06
381,15.0,0.0015189999999165593,0.0,1.940534746160751e-05
382,30.0,0.0029319999998733692,0.0,0.00019464807859982382
383,28.0,0.0027180000001862936,0.0,1.9464807859982376e-05
384,11.0,0.0011800000002040179,0.0,1.9464807859982376e-06
385,22.0,0.0021659999997609702,0.0,0.00019785054404513691
386,12.0,0.0012369999999464198,0.0,1.978505440451369e-05
387,31.0,0.0029999999997016857,0.0,0.00012980170307475448
388,18.0,0.0017889999999169959,0.0,0.0001981531041020422
389,8.0,0.0008619999998700223,0.0,0.000212482403275648
390,25.0,0.0024479999997311097,0.0,0.000270421871085633
391,23.0,0.002268000000185566,0.0,1.9815310410204227e-05
392,6.0,0.0006840000000920554,0.0,0.00017823394381921633
393,18.0,0.0018019999997704872,0.0,0.0001839660127312191
394,22.0,0.0021729999998569838,0.0,0.00019505831347199203
395,9.0,0.0009629999999560823,0.0,1.950583134719921e-05
396,12.0,0.0012369999999464198,0.0,0.00016444215063493548
397,22.0,0.002195999999912601,0.0,0.00019406435713094166
398,16.0,0.0016120000000228174,0.0,1.83966012731219e-05
399,21.0,0.0020810000000892614,0.0,1.8396601273121954e-06
400,11.0,0.0013309999999364663,0.0,0.00018022466560855654
401,66.0,0.00631599999996979,0.0,0.00023853062129565922
402,9.0,0.0009650000001784065,0.0,0.00019772084734910082
403,26.0,0.002602000000024418,0.0,0.00016434489365854807
404,15.0,0.0015250000001287844,0.0,0.0001791610028165411
405,20.0,0.0019959999999628053,0.0,0.00018374070933739313
406,17.0,0.001720000000204891,0.0,0.0002584220913798331
407,27.0,0.0026390000002720626,0.0,0.0002545904373868976
408,23.0,0.002278999999816733,0.0,0.00019846896575553006
409,15.0,0.00151400000004287,0.0,1.984689657555299e-05
410,30.0,0.002939999999853171,0.0,0.00016682694501034257
411,24.0,0.0023519999999734864,0.0,0.0001953073132574109
412,19.0,0.0018840000002455781,0.0,0.0001979810887966819
413,5.0,0.0005869999999958964,0.0,1.9798108879668183e-05
414,24.0,0.002399999999852298,0.0,0.00019728497965790793
415,26.0,0.0025529999998070707,0.0,1.9530731325741093e-05
416,51.0,0.004873000000316097,0.0,-0.0002219320522438171
417,19.0,0.0018890000001192675,0.0,0.0002430833024305038
418,19.0,0.0018949999998767453,0.0,0.00024014356148254035
419,42.0,0.0040340000000469445,0.0,0.00013082241561422083
420,8.0,0.0008689999999660358,0.0,0.00019825132183332397
421,28.0,0.0027279999999336724,0.0,-5.130240201973028e-05
422,4.0,0.0004979999998795392,0.0,0.00019519586522534737
423,7.0,0.0007810000001882145,0.0,0.00022293446410473703
424,14.0,0.001435000000128639,0.0,0.0001861630179972193
425,20.0,0.0019820000002255256,0.0,0.0002642581159009783
426,10.0,0.001055000000178552,0.0,0.0001918355386781017
427,14.0,0.0014280000000326254,0.0,1.918355386781016e-05
428,24.0,0.0024020000000746222,0.0,0.00019701766581807604
429,4.0,0.0004930000000058499,0.0,1.9701766581807587e-05
430,12.0,0.001239000000168744,0.0,0.0002411862510333534
431,11.0,0.0011519999998199637,0.0,0.0001674412653837601
432,4.0,0.0004969999999957508,0.0,0.0001786590464661138
433,9.0,0.0009630000004108297,0.0,0.00011481034776532941
434,12.0,0.0012419999998201092,0.0,0.00017680290153741177
435,22.0,0.0022449999996752013,0.0,0.00019740604592720219
436,21.0,0.002195000000028813,0.0,0.00019658942633107352
437,26.0,0.002565999999660562,0.0,2.4118625103335334e-05
438,17.0,0.0017110000003413006,0.0,2.4118625103335145e-06
439,6.0,0.0006819999998697313,0.0,0.00019402348773131186
440,17.0,0.00169000000005326,0.0,1.9402348773131186e-05
441,10.0,0.0010620000002745655,0.0,1.7680290153741183e-05
442,32.0,0.003062999999656313,0.0,2.4308330243050366e-05
443,28.0,0.0027140000001963926,0.0,0.0001641036453471358
444,10.0,0.0010460000003149617,0.0,0.0001670813083077176
445,11.0,0.0011410000001887965,0.0,0.0001255567781530415
446,10.0,0.0010860000002139714,0.0,1.6708130830771743e-05
447,35.0,0.0033889999999701104,0.0,0.0001733121128717644
448,15.0,0.0016619999996692059,0.0,2.430833024305042e-06
449,5.0,0.0005930000002081215,0.0,0.00016451041738308324
450,11.0,0.001205000000027212,0.0,1.645104173830832e-05
451,4.0,0.000499000000218075,0.0,1.6451041738308456e-06
452,16.0,0.0016200000000026193,0.0,0.00019246661683201195
453,7.0,0.0007799999998496787,0.0,1.6451041738308999e-07
454,33.0,0.0032439999999951397,0.0,0.00015810697286025872
455,58.0,0.0055440000000999134,0.0,0.00019847777214503396
456,8.0,0.0008809999999357387,0.0,1.9847777214503396e-05
457,12.0,0.001247000000148546,0.0,0.00019857457856189859
458,7.0,0.0007749999999759893,0.0,1.9847777214503505e-06
459,13.0,0.0013370000001486915,0.0,0.00016606921564944936
460,19.0,0.001918999999816151,0.0,0.00016034440211057174
461,16.0,0.00161500000012893,0.0,0.0001967162147396471
462,5.0,0.000586000000112108,0.0,1.9847777214503505e-07
463,63.0,0.006022000000029948,0.0,0.00015680798530924646
464,53.0,0.005082000000129483,0.0,1.6606921564944944e-05
465,28.0,0.0027529999997568666,0.0,0.00017883778873695088
466,11.0,0.0011429999999563734,0.0,0.0001665943309082669
467,16.0,0.0016180000002350425,0.0,1.6659433090826688e-05
468,12.0,0.0012649999998757266,0.0,1.6659433090826796e-06
469,28.0,0.0027420000001256994,0.0,1.788377887369509e-05
470,17.0,0.0017079999997804407,0.0,0.0001799200080348455
471,83.0,0.007877999999891472,0.0,0.00021983501620390246
472,10.0,0.0010600000000522414,0.0,0.0001985300860001234
473,31.0,0.003004000000146334,0.0,0.00024107766820666827
474,9.0,0.0009570000001986045,0.0,0.000198278265707176
475,9.0,0.0009600000003047171,0.0,1.982782657071759e-05
476,54.0,0.005165000000033615,0.0,0.00018376256750706656
477,5.0,0.0005919999998695857,0.0,1.8376256750706648e-05
478,7.0,0.0007749999999759893,0.0,1.8376256750706756e-06
479,19.0,0.0019190000002708985,0.0,0.00017947130782062855
480,13.0,0.0013370000001486915,0.0,1.7947130782062842e-05
481,23.0,0.0022690000000693544,0.0,0.00018078227848782838
482,23.0,0.002296000000114873,0.0,0.00017865518653147186
483,9.0,0.0009650000001784065,0.0,0.00016707181505184863
484,34.0,0.003285000000232685,0.0,0.00019798424180379195
485,7.0,0.0007940000000417058,0.0,0.00019544270743029736
486,16.0,0.0016060000002653396,0.0,0.0001983740943657735
487,59.0,0.00560300000006464,0.0,1.9406435713094155e-05
488,26.0,0.0025290000003224122,0.0,1.9406435713094155e-06
489,31.0,0.003024000000095839,0.0,0.0001973422031459215
490,22.0,0.002160999999887281,0.0,0.00019547695230727195
491,15.0,0.0015210000001388835,0.0,0.00016758199708714796
492,7.0,0.0007730000002084125,0.0,0.00019840582108943453
493,14.0,0.0014240000000427244,0.0,1.675819970871478e-05
494,11.0,0.0011439999998401618,0.0,1.6758199708714753e-06
495,13.0,0.0013380000000324799,0.0,0.00019395413223130805
496,25.0,0.0024519999997210107,0.0,0.00019675236354020742
497,6.0,0.0006819999998697313,0.0,0.00019247117756436888
498,8.0,0.0008640000000923465,0.0,1.9247117756436886e-05
499,7.0,0.0007719999998698768,0.0,1.967523635402075e-05
500,14.0,0.0014180000002852466,0.0,0.00019132932135279204
501,4.0,0.0004910000002382731,0.0,1.967523635402064e-06
502,6.0,0.0006769999999960419,0.0,1.9132932135279194e-05
503,13.0,0.001340999999683845,0.0,0.00019334383154875337
504,21.0,0.002080000000205473,0.0,2.4107766820666824e-05
505,8.0,0.0008729999999559368,0.0,1.9734220314592156e-05
506,5.0,0.0005869999999958964,0.0,1.9675236354019829e-07
507,35.0,0.0034160000000156288,0.0,0.000197709701704914
508,12.0,0.0012400000000525324,0.0,0.0001977878486678927
509,7.0,0.0007719999998698768,0.0,1.9770970170491397e-05
510,16.0,0.0016029999997044797,0.0,0.00019409475224995944
511,28.0,0.002715000000080181,0.0,0.00019757775236379545
512,5.0,0.0005799999998998828,0.0,0.00018369875448250798
513,65.0,0.0063589999999749125,0.0,0.00015498369447124386
514,63.0,0.006147000000055414,0.0,0.0001854871673058702
515,26.0,0.0025749999999788997,0.0,0.0001984213903007569
516,9.0,0.000968000000284519,0.0,0.00019852636268487354
517,53.0,0.005074000000149681,0.0,-2.3205985942696835e-06
518,28.0,0.0027709999999387946,0.0,0.00021473263953033123
519,23.0,0.002268000000185566,0.0,0.0001673574655504619
520,6.0,0.0007070000001476728,0.0,0.00016713105779777026
521,42.0,0.00404900000012276,0.0,0.00019559421634246282
522,36.0,0.0034660000001167646,0.0,1.9406435713094426e-07
523,55.0,0.005241999999725522,0.0,1.9559421634246282e-05
524,47.0,0.004516999999850668,0.0,0.00019317727769958175
525,31.0,0.003044999999929132,0.0,0.0001787810260326744
526,29.0,0.0028189999998176063,0.0,0.00016198873138790516
527,13.0,0.001356000000214408,0.0,0.00019526737231401306
528,8.0,0.0008809999999357387,0.0,0.00017968214026202494
529,57.0,0.005431999999927939,0.0,0.00018357253448253618
530,26.0,0.0025439999999434804,0.0,0.0001672975058510518
531,18.0,0.0018069999996441766,0.0,0.00021146121841545567
532,11.0,0.0016810000001896697,0.0,0.0001962403179172896
533,12.0,0.0013279999998303538,0.0,0.00019737812639760414
534,6.0,0.0007089999999152496,0.0,1.962403179172896e-05
535,14.0,0.0014599999999518332,0.0,1.9624031791729013e-06
536,20.0,0.002009000000271044,0.0,0.0002551850335855735
537,20.0,0.0020009999998364947,0.0,0.00016414989357057766
538,5.0,0.0005869999999958964,0.0,1.6414989357057755e-05
539,11.0,0.0011890000000676082,0.0,0.0001806705585488385
540,31.0,0.003016000000116037,0.0,2.114612184154555e-05
541,9.0,0.0009649999997236591,0.0,0.00017922515488785366
542,11.0,0.0011369999997441482,0.0,0.00017905809687883482
543,18.0,0.0018019999997704872,0.0,0.00010306056136437082
544,19.0,0.0018769999996948172,0.0,0.00018211928010380778
545,44.0,0.004217000000153348,0.0,2.1473263953033112e-05
546,25.0,0.0024410000000898435,0.0,1.0306056136437071e-05
547,30.0,0.002904999999827851,0.0,2.5518503358557345e-05
548,9.0,0.0009569999997438572,0.0,0.0001803923636138049
549,7.0,0.0007729999997536652,0.0,0.00016454970473299757
550,29.0,0.0028130000000601285,0.0,2.5518503358557616e-06
551,14.0,0.001562000000376429,0.0,0.0001966449883683238
552,23.0,0.002306000000316999,0.0,0.0001676344170297546
553,6.0,0.0006969999999455467,0.0,0.0001797036115872807
554,16.0,0.0016700000001037552,0.0,1.8039236361380495e-05
555,71.0,0.006772000000182743,0.0,0.00025927117305311165
556,16.0,0.0016380000001845474,0.0,0.00019830587925088254
557,7.0,0.0007849999997233681,0.0,1.9830587925088257e-05
558,16.0,0.0016270000000986329,0.0,1.9830587925088366e-06
559,17.0,0.0017330000000583823,0.0,1.5810697286025875e-05
560,10.0,0.0010619999998198182,0.0,2.5518503358557074e-07
561,8.0,0.0008680000000822474,0.0,1.9830587925088366e-07
562,17.0,0.0017100000000027649,0.0,1.9830587925099208e-08
563,38.0,0.003703000000314205,0.0,4.1622047132570906e-05
564,24.0,0.002377999999680469,0.0,0.0001934575939028083
565,13.0,0.0013460000000122818,0.0,0.000188350860792632
566,18.0,0.0019940000001952285,0.0,0.00018058663538584097
567,84.0,0.008636000000024069,0.0,0.00019764629399506183
568,36.0,0.00348100000019258,0.0,0.00019544009929493833
569,35.0,0.0034860000000662694,0.0,1.883508607926316e-05
570,8.0,0.0008929999999054417,0.0,0.0001969639870131181
571,8.0,0.0008740000002944726,0.0,0.00013200143787317926
572,21.0,0.002100000000154978,0.0,0.00019642997868859317
573,12.0,0.0013710000002902234,0.0,1.964299786885932e-05
574,18.0,0.001991000000089116,0.0,0.00017406147020869133
575,8.0,0.0011719999997694686,0.0,1.740614702086914e-05
576,49.0,0.004715000000032887,0.0,0.0001915137614448652
577,30.0,0.002967000000353437,0.0,0.00023695477909756207
578,14.0,0.0014379999997800041,0.0,0.0001980365672402865
579,11.0,0.0011629999999058782,0.0,0.00018068578102430584
580,15.0,0.001528000000234897,0.0,0.0002599187820810047
581,31.0,0.00302800000008574,0.0,0.00019804855635401119
582,37.0,0.003590999999687483,0.0,0.0001942916734453335
583,26.0,0.0025589999995645485,0.0,2.3695477909756212e-05
584,19.0,0.0019510000001901062,0.0,0.00013280039794013655
585,9.0,0.0009729999997034611,0.0,1.328003979401366e-05
586,7.0,0.0008109999998850981,0.0,0.00019834243333414532
587,51.0,0.004971000000296044,0.0,1.983424333341452e-05
588,22.0,0.0022109999999884167,0.0,0.0001808835711948598
589,23.0,0.0023030000002108864,0.0,2.369547790975616e-06
590,17.0,0.0017239999997400446,0.0,0.0001930523061033506
591,25.0,0.002472000000125263,0.0,0.0001604061009134125
592,20.0,0.0020039999999426072,0.0,0.00010453150685752228
593,14.0,0.0014430000001084409,0.0,0.00010731962597269458
594,24.0,0.0024250000001302396,0.0,0.0002505624199377219
595,27.0,0.0026699999998527346,0.0,1.930523061033506e-05
596,20.0,0.002003000000058819,0.0,0.00019854443309440261
597,6.0,0.000683000000208267,0.0,0.00016768114954367948
598,4.0,0.0004949999997734267,0.0,1.9305230610335087e-06
599,32.0,0.0031429999999090796,0.0,0.00012929680180347544
600,13.0,0.0013579999999819847,0.0,1.676811495436795e-05
601,52.0,0.005102000000078988,0.0,0.00022119235297829155
602,55.0,0.005283000000417815,0.0,0.0002728342825164951
603,6.0,0.000683000000208267,0.0,0.00019622159405379
604,9.0,0.000984999999673164,0.0,0.00018347415724891846
605,23.0,0.002294999999776337,0.0,0.00019845159417331663
606,13.0,0.0014740000001438602,0.0,1.962215940537899e-05
607,30.0,0.0029300000001057924,0.0,0.00019796934311709682
608,10.0,0.0010539999998400162,0.0,0.00017870783203972077
609,4.0,0.0004930000000058499,0.0,1.787078320397207e-05
610,21.0,0.002063999999791122,0.0,2.728342825164949e-05
611,8.0,0.0008589999997639097,0.0,0.00019800050948945213
612,37.0,0.0035139999999955762,0.0,0.00016767823357686137
613,34.0,0.003267000000050757,0.0,1.0306056136437152e-06
614,16.0,0.0015960000000632135,0.0,2.728342825164922e-06
615,4.0,0.0004890000000159489,0.0,0.0001981702820741881
616,4.0,0.0004920000001220615,0.0,1.9817028207418813e-05
617,11.0,0.0011349999999765714,0.0,1.6767823357686146e-05
618,26.0,0.002523000000110187,0.0,0.00019572031488241238
619,7.0,0.0007879999998294807,0.0,1.981702820741892e-06
620,59.0,0.005568000000039319,0.0,1.979693431170969e-05
621,7.0,0.0007719999998698768,0.0,0.0001663018831968797
622,87.0,0.008152999999765598,0.0,0.00019610600732918883
623,15.0,0.0015109999999367574,0.0,0.0001985486284654795
624,4.0,0.00048599999990983633,0.0,0.00019621810059922666
625,39.0,0.0037069999998493586,0.0,0.00018212468049643593
626,29.0,0.0027809999996861734,0.0,0.00025003571048762627
627,23.0,0.002250000000003638,0.0,0.000244309048573827
628,21.0,0.002051000000392378,0.0,0.000197389312998022
629,19.0,0.0018729999997049163,0.0,0.00018251343766152365
630,41.0,0.003887000000304397,0.0,0.0002637194787546843
631,5.0,0.0005770000002485176,0.0,0.0001961762389417863
632,26.0,0.0024950000001808803,0.0,2.147326395303287e-06
633,4.0,0.0004880000001321605,0.0,0.0001982896131927524
634,9.0,0.0009480000003350142,0.0,0.00019560331404370722
635,44.0,0.0041739999996934785,0.0,7.366562219081592e-05
636,29.0,0.0027930000001106237,0.0,0.0001985115101813584
637,27.0,0.0026029999999082065,0.0,0.00012065172837726923
638,8.0,0.0008809999999357387,0.0,0.00019677859797428998
639,18.0,0.001807000000098924,0.0,0.00019095501691240936
640,9.0,0.0009669999999459833,0.0,0.00018070212988637618
641,36.0,0.003489000000172382,0.0,0.00027477764299107204
642,10.0,0.0010489999999663269,0.0,0.00019852530370227293
643,15.0,0.0015450000000782893,0.0,0.0001983370596355997
644,42.0,0.004077000000052067,0.0,0.0002111479551344619
645,24.0,0.0023759999999128922,0.0,0.00016606778187726345
646,21.0,0.00208199999997305,0.0,0.00023509949170683362
647,14.0,0.0014280000000326254,0.0,0.00016767759252941974
648,12.0,0.0012360000000626314,0.0,0.00019822485540174175
649,18.0,0.002019999999902211,0.0,1.9822485540174162e-05
650,15.0,0.001550999999835767,0.0,1.6767759252941982e-05
651,43.0,0.004147999999986496,0.0,-7.483073116044855e-05
652,10.0,0.0010489999999663269,0.0,0.00018343912538468164
653,19.0,0.001904000000195083,0.0,1.6767759252941928e-06
654,29.0,0.002807999999731692,0.0,0.0001657857646144219
655,27.0,0.0026129999996555853,0.0,-0.000120963949110221
656,43.0,0.004047999999784224,0.0,2.1114795513446188e-05
657,36.0,0.0034150000001318404,0.0,0.00025854981252694455
658,13.0,0.0013189999999667634,0.0,2.5854981252694455e-05
659,12.0,0.0012290000004213653,0.0,0.00023480475682629168
660,13.0,0.001318000000082975,0.0,0.00019710224953338825
661,52.0,0.005578000000241445,0.0,0.00022343094484630766
662,31.0,0.0031060000001161825,0.0,2.1114795513446053e-06
663,38.0,0.00391300000001138,0.0,2.4430904857382715e-05
664,36.0,0.0035540000003493333,0.0,0.0001985301039447096
665,41.0,0.0039779999997335835,0.0,1.973893129980219e-05
666,6.0,0.0006889999999657448,0.0,0.00019855279709698751
667,32.0,0.003146000000015192,0.0,1.9738931299802134e-06
668,35.0,0.0034150000001318404,0.0,0.00020931553866240132
669,31.0,0.003181999999924301,0.0,0.0001598373223469356
670,25.0,0.002502999999705935,0.0,1.5983732234693546e-05
671,21.0,0.00210800000013478,0.0,0.00016768103628856597
672,25.0,0.0024979999998322455,0.0,0.00023962146471336504
673,21.0,0.0021139999998922576,0.0,2.396214647133651e-05
674,24.0,0.0023860000001150183,0.0,0.00019266519230803548
675,11.0,0.0011620000000220898,0.0,1.926651923080355e-05
676,24.0,0.0023759999999128922,0.0,0.0001307906753895943
677,4.0,0.0004939999998896383,0.0,0.0001762646276237809
678,49.0,0.004715000000032887,0.0,0.00021403485236338787
679,61.0,0.0058590000003277964,0.0,0.00013462840424393826
680,25.0,0.0024589999998170242,0.0,0.0001930154454503388
681,38.0,0.00391300000001138,0.0,0.00017287220375867827
682,32.0,0.0031380000000353903,0.0,0.0002645069760157614
683,21.0,0.0021090000000185682,0.0,1.9301544545033872e-05
684,20.0,0.002005000000281143,0.0,0.00019577658854451826
685,31.0,0.0030699999997523264,0.0,1.93015445450339e-06
686,8.0,0.0008779999998296262,0.0,0.0001976055428560542
687,29.0,0.0028820000002269808,0.0,2.1114795513446053e-07
688,15.0,0.0015309999998862622,0.0,0.00019413594700439348
689,15.0,0.0015410000000883883,0.0,0.00019339752044911107
690,15.0,0.0015319999997700506,0.0,2.6450697601576107e-05
691,6.0,0.0006800000001021544,0.0,0.00010907773249302012
692,13.0,0.0013670000003003224,0.0,0.00024085438867436066
693,20.0,0.001991000000089116,0.0,1.0907773249302014e-05
694,18.0,0.0018009999998866988,0.0,0.00019020105317983174
695,28.0,0.002721000000292406,0.0,1.9020105317983166e-05
696,43.0,0.004136000000016793,0.0,0.00026328025439608196
697,6.0,0.0006819999998697313,0.0,0.00019126869693870483
698,13.0,0.0013459999995575345,0.0,1.9126869693870474e-05
699,17.0,0.001706000000012864,0.0,0.0002646938430675259
700,43.0,0.004176999999799591,0.0,0.0001775938238019494
701,47.0,0.004492999999911262,0.0,0.00019384678753919712
702,28.0,0.002751999999873078,0.0,0.0001506563271256311
703,8.0,0.0008689999999660358,0.0,0.0001970580826092645
704,98.0,0.009266999999908876,0.0,1.9384678753919717e-05
705,13.0,0.0013610000000880973,0.0,0.00019536002319994218
706,14.0,0.0014400000000023283,0.0,1.938467875391961e-06
707,39.0,0.00377200000002631,0.0,9.920760493482385e-05
708,6.0,0.0006819999998697313,0.0,0.00019524203927934956
709,47.0,0.004519999999956781,0.0,1.3462840424393843e-05
710,10.0,0.0010609999999360298,0.0,0.00019754355947604378
711,8.0,0.0008689999999660358,0.0,1.9754355947604373e-05
712,21.0,0.0020749999998770363,0.0,1.9384678753917983e-07
713,34.0,0.0032900000001063745,0.0,1.952420392793496e-05
714,49.0,0.004690000000209693,0.0,0.00019605230008591952
715,58.0,0.005520000000160508,0.0,0.00019823056093374
716,15.0,0.0015119999998205458,0.0,1.9524203927934907e-06
717,29.0,0.0028189999998176063,0.0,0.00018528732804499743
718,39.0,0.003750000000309228,0.0,0.00011624059156538419
719,27.0,0.0026340000003983732,0.0,0.0001980793821715504
720,29.0,0.002813999999943917,0.0,0.00020147215654986152
721,8.0,0.0008749999997235136,0.0,0.00019805893006286156
722,31.0,0.003095000000030268,0.0,0.00017829385157362856
723,16.0,0.001637000000300759,0.0,0.00015909875341348702
724,39.0,0.0037639999995917606,0.0,0.0002521255653561733
725,9.0,0.0009610000001885055,0.0,0.00017470210983983262
726,10.0,0.0010790000001179578,0.0,0.0002484263958217916
727,10.0,0.0010579999998299172,0.0,2.6450697601576242e-06
728,32.0,0.0031290000001718,0.0,0.00017813110238019787
729,22.0,0.0021780000001854205,0.0,0.00019334598690313423
730,40.0,0.003867000000354892,0.0,1.346284042439387e-06
731,37.0,0.0035830000001624285,0.0,1.5065632712563093e-05
732,15.0,0.001518000000032771,0.0,0.00027377358671115004
733,35.0,0.0033690000000206055,0.0,0.0001965005608097486
734,12.0,0.0012420000002748566,0.0,0.00019850199223579422
735,42.0,0.004023999999844818,0.0,0.00023547071168713972
736,14.0,0.0014289999999164138,0.0,0.0002501808067732708
737,12.0,0.0012419999998201092,0.0,0.00019664076765134322
738,15.0,0.0015490000000681903,0.0,0.00021349810220430078
739,6.0,0.000705000000380096,0.0,0.0001676446175652269
740,14.0,0.0014240000000427244,0.0,0.00019795065752143879
741,5.0,0.000586000000112108,0.0,1.6764461756522698e-05
742,29.0,0.0028210000000399305,0.0,0.0001757636436296897
743,5.0,0.000586000000112108,0.0,0.0001953231970161901
744,29.0,0.0028350000002319575,0.0,0.0001967712064554745
745,59.0,0.005624999999781721,0.0,0.00025757964562185813
746,8.0,0.00087100000018836,0.0,0.00019490977380923446
747,30.0,0.002908999999817752,0.0,2.134981022043007e-05
748,23.0,0.002304999999978463,0.0,0.0001985265078313073
749,71.0,0.00667299999986426,0.0,0.00026880093397185876
750,6.0,0.0006769999999960419,0.0,0.00019827236645387667
751,28.0,0.00272499999982756,0.0,0.00019826236282501113
752,12.0,0.0012420000002748566,0.0,0.00018033906428983388
753,4.0,0.0004909999997835257,0.0,1.9826236282501102e-05
754,13.0,0.0013359999998101557,0.0,0.00013349323243616202
755,19.0,0.0019109999998363492,0.0,0.00026571663409761083
756,28.0,0.002757000000201515,0.0,0.00018784997498826438
757,8.0,0.0008689999999660358,0.0,0.00019406892794471934
758,7.0,0.0007740000000922009,0.0,0.00019825431408866437
759,4.0,0.0004930000000058499,0.0,1.8033906428983394e-05
760,14.0,0.0014259999998103012,0.0,1.940689279447192e-05
761,18.0,0.001803000000109023,0.0,0.00017900973699841173
762,5.0,0.0005850000002283195,0.0,0.00016764172122488648
763,52.0,0.0049760000001697335,0.0,1.940689279447184e-06
764,22.0,0.0021860000001652224,0.0,0.0002704985698310448
765,20.0,0.0019839999999931024,0.0,2.354707116871397e-05
766,53.0,0.005047999999987951,0.0,-1.2096394911022084e-05
767,19.0,0.0018989999998666462,0.0,0.00019487076463428786
768,17.0,0.0017039999997905397,0.0,0.00025688946992247176
769,6.0,0.0006819999998697313,0.0,1.9487076463428794e-05
770,13.0,0.0013599999997495615,0.0,0.0002734154026633647
771,24.0,0.002369999999700667,0.0,0.00010981655816897075
772,22.0,0.0021969999997963896,0.0,0.0001937523141650527
773,23.0,0.002300999999988562,0.0,1.7900973699841162e-05
774,20.0,0.0020180000001346343,0.0,0.00019705277535487196
775,31.0,0.003044999999929132,0.0,0.00027182553605889205
776,8.0,0.0008729999999559368,0.0,0.0001645429701532933
777,5.0,0.0005840000003445311,0.0,1.6454297015329326e-05
778,6.0,0.0006760000001122535,0.0,1.7900973699841135e-06
779,48.0,0.004593000000113534,0.0,0.00017998256039689878
780,38.0,0.0036500000001069566,0.0,0.00020245844353483275
781,20.0,0.0019789999996646657,0.0,0.00019304277414333005
782,62.0,0.005901999999878171,0.0,-0.0004210199749699696
783,24.0,0.0023459999997612613,0.0,0.00013404505654414378
784,4.0,0.0005009999999856518,0.0,0.00018268592137413888
785,29.0,0.002800000000206637,0.0,0.00019823345143268016
786,48.0,0.004699999999957072,0.0,0.00017707143931602052
787,6.0,0.0006920000000718574,0.0,1.9823345143268e-05
788,8.0,0.0009000000000014552,0.0,1.982334514326811e-06
789,15.0,0.0015300000000024738,0.0,0.00024092283434482218
790,6.0,0.0006869999997434206,0.0,0.0001959110365125191
791,4.0,0.0004969999999957508,0.0,1.8268592137413885e-05
792,32.0,0.0031420000000252912,0.0,0.00026734931207919116
793,10.0,0.0010619999998198182,0.0,0.00018021988551387017
794,15.0,0.0015339999999923748,0.0,2.6734931207919143e-05
795,30.0,0.002925999999661144,0.0,1.770714393160204e-05
796,8.0,0.0008929999999054417,0.0,1.8268592137413804e-06
797,19.0,0.001890000000003056,0.0,0.00019800449785640364
798,27.0,0.0026390000002720626,0.0,0.00012331429957309291
799,5.0,0.000612999999702879,0.0,0.00018017285934615425
800,7.0,0.0007720000003246241,0.0,1.8017285934615422e-05
801,18.0,0.0018009999998866988,0.0,0.00019116347110626858
802,30.0,0.0029039999999440624,0.0,0.00018357968950210056
803,8.0,0.0008660000003146706,0.0,0.00019521664706108766
804,53.0,0.005065999999715132,0.0,0.00019364085735931592
805,21.0,0.002077999999983149,0.0,0.0001918466312156423
806,14.0,0.0014290000003711611,0.0,1.952166470610875e-05
807,12.0,0.0012440000000424334,0.0,0.00016559735564143557
808,20.0,0.0020149999995737744,0.0,0.00019748543996901804
809,11.0,0.0011409999997340492,0.0,0.00017664438010266782
810,16.0,0.0016099999998004932,0.0,0.0002727943672111196
811,6.0,0.0006760000001122535,0.0,1.7664438010266782e-05
812,34.0,0.003290999999990163,0.0,0.0001805578219507573
813,12.0,0.0012349999997240957,0.0,0.0001915098384876442
814,17.0,0.0017069999998966523,0.0,0.0002637023360479618
815,20.0,0.0024209999996855913,0.0,0.0001967613052303914
816,47.0,0.0045679999998355925,0.0,1.805578219507572e-05
817,13.0,0.0013839999996889674,0.0,0.0001985478798523272
818,18.0,0.0018319999999221181,0.0,0.0002510266837442289
819,28.0,0.0027589999999690917,0.0,0.0002172227248621574
820,27.0,0.0026550000002316665,0.0,2.1722272486215726e-05
821,13.0,0.0013500000000021828,0.0,0.00018045739901174115
822,22.0,0.0021820000001753215,0.0,0.000197811022817116
823,17.0,0.0017170000000987784,0.0,1.9781102281711603e-05
824,14.0,0.0014280000000326254,0.0,0.0002497524971070439
825,32.0,0.0030980000001363805,0.0,1.8055782195075803e-06
826,10.0,0.0010579999998299172,0.0,0.0001959614788269067
827,11.0,0.0011489999997138511,0.0,1.804573990117411e-05
828,12.0,0.0012389999997139967,0.0,0.00019685066751059415
829,42.0,0.0040569999996478145,0.0,-0.0006638022447084792
830,4.0,0.0004899999998997373,0.0,1.9596147882690665e-05
831,16.0,0.0019400000001041917,0.0,0.00019713267432181904
832,37.0,0.003792000000430562,0.0,1.9685066751059404e-05
833,4.0,0.0005670000000463915,0.0,1.97132674321819e-05
834,14.0,0.0014989999999670545,0.0,1.9596147882690665e-06
835,27.0,0.0027620000000752043,0.0,-0.00041796825013253015
836,7.0,0.0008190000003196474,0.0,0.00019755272726980423
837,36.0,0.003639000000021042,0.0,0.00018690900722842673
838,29.0,0.002971999999772379,0.0,0.00024147341226285853
839,32.0,0.0033149999999295687,0.0,0.00023192110134379718
840,16.0,0.0017049999996743281,0.0,0.00017874035148377537
841,19.0,0.0019879999999830034,0.0,0.00024109171546093063
842,14.0,0.001506000000063068,0.0,0.00019122176192362374
843,10.0,0.0011059999997087289,0.0,0.00018047035140019877
844,47.0,0.004706999999598338,0.0,0.00019548691315570768
845,10.0,0.0011090000002695888,0.0,0.00019663936835950335
846,26.0,0.002668999999968946,0.0,0.00018110779168038326
847,18.0,0.0018759999998110288,0.0,0.00017914668800436524
848,4.0,0.0005260000002635934,0.0,1.7914668800436532e-05
849,51.0,0.005091999999876862,0.0,0.00021959446583517828
850,17.0,0.0017820000002757297,0.0,1.954869131557077e-05
851,30.0,0.0031749999998282874,0.0,0.0001682824436321805
852,9.0,0.0011140000001432782,0.0,0.00016454483122272883
853,5.0,0.0006280000002334418,0.0,0.00017641766022797575
854,7.0,0.0008239999997385894,0.0,1.6454483122272875e-05
855,17.0,0.0018009999998866988,0.0,2.4109171546093054e-05
856,31.0,0.0031610000000910077,0.0,2.354707116871389e-06
857,7.0,0.0008109999998850981,0.0,0.00016698093075234637
858,8.0,0.0009099999997488339,0.0,1.6698093075234635e-05
859,12.0,0.0012979999996787228,0.0,1.6698093075234635e-06
860,63.0,0.0062359999997170235,0.0,2.5102668374422856e-05
861,20.0,0.0020810000000892614,0.0,2.414734122628586e-05
862,81.0,0.007996000000275671,0.0,0.00019807063901982813
863,55.0,0.005466999999953259,0.0,0.00011473472279826971
864,28.0,0.0028710000001410663,0.0,0.00019519663610227499
865,21.0,0.002177999999730673,0.0,0.0001768999853672242
866,8.0,0.0009179999997286359,0.0,0.00019784751810086217
867,11.0,0.0012019999999210995,0.0,0.00019765701490153493
868,21.0,0.002179000000069209,0.0,1.0981655816897067e-05
869,43.0,0.004303000000163593,0.0,0.00018049703139924126
870,36.0,0.003628999999818916,0.0,0.00019785798374059467
871,19.0,0.0019839999999931024,0.0,0.00025782777432972965
872,8.0,0.0009030000001075678,0.0,1.9784751810086204e-05
873,5.0,0.0009169999998448475,0.0,1.9784751810086095e-06
874,10.0,0.0011629999999058782,0.0,0.00019765744106210286
875,4.0,0.0005289999999149586,0.0,1.976574410621028e-05
876,17.0,0.0017960000000130094,0.0,0.0001514176955290272
877,18.0,0.0018919999997706327,0.0,0.000248844072675728
878,41.0,0.0041310000001431035,0.0,0.00013541090480097696
879,31.0,0.0031589999998686835,0.0,0.0001597770091621182
880,6.0,0.0007719999998698768,0.0,1.978475181008501e-07
881,37.0,0.003733999999894877,0.0,0.0001532804662699307
882,39.0,0.0039249999999810825,0.0,0.00017742049303708332
883,13.0,0.001389000000017404,0.0,0.00019113124296816282
884,16.0,0.0016879999998309358,0.0,0.00019702595026310454
885,23.0,0.0023729999998067797,0.0,2.3547071168714432e-07
886,6.0,0.0007110000001375738,0.0,0.00018053899381991975
887,8.0,0.000901999999769032,0.0,1.8053899381991975e-05
888,22.0,0.002272000000175467,0.0,0.00019604126304643583
889,13.0,0.0014059999998607964,0.0,1.805389938199203e-06
890,20.0,0.0020810000000892614,0.0,1.5141769552902721e-05
891,28.0,0.002864999999928841,0.0,0.00016715965089930966
892,16.0,0.0016949999999269494,0.0,1.774204930370834e-05
893,12.0,0.0012970000002496818,0.0,0.00019553989795720807
894,4.0,0.0005139999998391431,0.0,0.00019796707907970381
895,30.0,0.0030539999997927225,0.0,0.00025768773618612296
896,10.0,0.001115999999910855,0.0,0.0001675200740491556
897,18.0,0.001882000000023254,0.0,1.7742049303708367e-06
898,10.0,0.0011070000000472646,0.0,0.0001801724724667695
899,11.0,0.001205000000027212,0.0,1.9553989795720816e-05
900,9.0,0.001017000000047119,0.0,0.00016733613970094482
901,38.0,0.0038239999998950225,0.0,0.000268374312618713
902,34.0,0.003443000000061147,0.0,0.0002588054292010063
903,43.0,0.004310000000259606,0.0,5.116835929777427e-05
904,12.0,0.001299999999901047,0.0,2.6837431261871308e-05
905,22.0,0.002269999999953143,0.0,0.00023146741037769974
906,21.0,0.002181999999720574,0.0,2.3146741037769977e-05
907,42.0,0.0042140000000472355,0.0,0.00026349888719177846
908,50.0,0.004973000000063621,0.0,0.0001978581325933526
909,30.0,0.003048999999919033,0.0,0.0001837007972855752
910,13.0,0.0014000000001033186,0.0,0.00020137413556281736
911,18.0,0.0018769999996948172,0.0,0.0001985508608794897
912,10.0,0.0011139999996885308,0.0,1.9855086087948963e-05
913,33.0,0.003333999999995285,0.0,0.00018537283596114303
914,13.0,0.0014000000001033186,0.0,1.8370079728557525e-05
915,13.0,0.0014000000001033186,0.0,1.9855086087948936e-06
916,20.0,0.002064000000245869,0.0,0.00027342000823982215
917,14.0,0.0014830000000074506,0.0,0.00024080046372033372
918,8.0,0.0009000000000014552,0.0,1.9855086087948123e-07
919,18.0,0.0018760000002657762,0.0,1.8537283596114287e-05
920,18.0,0.0018709999999373395,0.0,0.00024077078923518511
921,11.0,0.0012010000000373111,0.0,0.00025628097869707646
922,5.0,0.0006109999999353022,0.0,0.00019506925791768057
923,16.0,0.0016930000001593726,0.0,0.00017398136368789054
924,4.0,0.0005129999999553547,0.0,1.9506925791768062e-05
925,25.0,0.0025649999997767736,0.0,0.00019764436726530247
926,15.0,0.0015840000000935106,0.0,2.4077078923518498e-05
927,4.0,0.0005110000001877779,0.0,1.950692579176809e-06
928,18.0,0.001874000000043452,0.0,0.000115363472730627
929,26.0,0.0026399999997011037,0.0,0.00019798755393312037
930,22.0,0.002260000000205764,0.0,0.0001656053357619256
931,34.0,0.003439000000071246,0.0,2.51026683744228e-06
932,16.0,0.001679999999851134,0.0,0.0001641518376750316
933,14.0,0.0014900000001034641,0.0,1.656053357619255e-05
934,16.0,0.001686000000063359,0.0,1.656053357619266e-06
935,7.0,0.0008050000001276203,0.0,0.00019803325485684208
936,27.0,0.0027540000000954024,0.0,0.00026265740580697566
937,19.0,0.001984999999876891,0.0,0.0002013255982078778
938,8.0,0.0009090000003197929,0.0,2.013255982078778e-05
939,19.0,0.0019959999999628053,0.0,0.00024013771988091486
940,37.0,0.0037429999997584673,0.0,1.8055782195075532e-07
941,37.0,0.0037330000000110886,0.0,0.00019770954981175018
942,6.0,0.0007220000002234883,0.0,0.0001965375611009641
943,16.0,0.0017030000003614987,0.0,2.626574058069755e-05
944,4.0,0.0005249999999250576,0.0,1.965375611009642e-05
945,21.0,0.002177999999730673,0.0,0.00019138156551475494
946,10.0,0.001093000000309985,0.0,0.00019554280561516246
947,4.0,0.0005139999998391431,0.0,0.00019511977607093289
948,8.0,0.0009100000002035813,0.0,1.9511977607093283e-05
949,13.0,0.001389000000017404,0.0,1.95119776070932e-06
950,8.0,0.0009090000003197929,0.0,0.00023769730481261708
951,10.0,0.0010919999999714491,0.0,0.00016271806242758747
952,16.0,0.001679999999851134,0.0,0.00017498721185009306
953,9.0,0.000992999999652966,0.0,0.00019376771641119468
954,41.0,0.0041430000001128064,0.0,2.354707116870359e-08
955,10.0,0.0011129999998047424,0.0,1.6271806242758747e-05
956,8.0,0.0009060000002136803,0.0,0.0001815917795456776
957,13.0,0.0014019999998708954,0.0,1.9554280561516235e-05
958,13.0,0.001400999999987107,0.0,0.0001918435236905775
959,10.0,0.0011069999995925173,0.0,2.376973048126167e-05
960,9.0,0.0010019999999713036,0.0,1.918435236905776e-05
961,27.0,0.0027399999999033753,0.0,0.0002527928655821738
962,14.0,0.0014869999999973516,0.0,0.00019573506368089313
963,8.0,0.0009049999998751446,0.0,1.918435236905765e-06
964,33.0,0.0033490000000711007,0.0,9.20217387961816e-05
965,19.0,0.0019760000000133005,0.0,1.9554280561516317e-06
966,4.0,0.0005200000000513683,0.0,0.000167555392356937
967,44.0,0.00440100000014354,0.0,1.805578219506469e-08
968,26.0,0.0026370000000497384,0.0,0.00016639721085765288
969,10.0,0.0010990000000674627,0.0,0.00018320752587043523
970,14.0,0.0014889999997649284,0.0,1.832075258704352e-05
971,11.0,0.001198999999814987,0.0,1.8320752587043575e-06
972,11.0,0.0011919999997189734,0.0,1.8320752587043846e-07
973,24.0,0.002456000000165659,0.0,0.0001670756163019262
974,4.0,0.000511999999616819,0.0,0.000178137825882423
975,69.0,0.006863000000066677,0.0,-0.0003824322242785273
976,15.0,0.0015949999997246778,0.0,0.00019369093013096162
977,26.0,0.002676999999948748,0.0,0.00019708699927183774
978,11.0,0.0012020000003758469,0.0,0.00021537183387351745
979,38.0,0.0038420000000769505,0.0,1.6707561630192603e-05
980,6.0,0.0007080000000314612,0.0,1.6707561630192468e-06
981,51.0,0.00507900000002337,0.0,0.00018461686431527305
982,30.0,0.0030510000001413573,0.0,0.0001982314778643326
983,9.0,0.0010000000002037268,0.0,0.00019048767232136116
984,16.0,0.0017139999999926658,0.0,0.0001976479267229552
985,12.0,0.0012930000002597808,0.0,0.00019701700374903885
986,6.0,0.000713999999788939,0.0,1.9764792672295528e-05
987,49.0,0.004930999999942287,0.0,0.00019815631349555295
988,6.0,0.000713000000359898,0.0,1.9815631349555304e-05
989,11.0,0.0012059999999110005,0.0,0.0002198480784194077
990,8.0,0.0009159999999610591,0.0,0.0001981190709938578
991,8.0,0.0009169999998448475,0.0,0.00017878788665818055
992,10.0,0.0011059999997087289,0.0,1.9048767232136084e-05
993,8.0,0.0009150000000772707,0.0,0.00017906546109756614
994,23.0,0.0023639999999431893,0.0,1.7906546109756606e-05
995,6.0,0.0007140000002436864,0.0,0.00019798565145010783
996,8.0,0.0009049999998751446,0.0,1.9798565145010775e-05
997,21.0,0.0021679999999832944,0.0,0.0002310794638889664
998,38.0,0.003834999999980937,0.0,0.00012663562945952476
999,9.0,0.001017000000047119,0.0,1.9798565145010775e-06
1000,0.0,0.0,0.0,0.0
1001,0.0,0.0,0.0,0.0
1002,0.0,0.0,0.0,0.0
1003,0.0,0.0,0.0,0.0
1004,0.0,0.0,0.0,0.0
1005,0.0,0.0,0.0,0.0
1006,0.0,0.0,0.0,0.0
1007,0.0,0.0,0.0,0.0
1008,0.0,0.0,0.0,0.0
1009,0.0,0.0,0.0,0.0
1010,0.0,0.0,0.0,0.0
1011,0.0,0.0,0.0,0.0
1012,0.0,0.0,0.0,0.0
1013,0.0,0.0,0.0,0.0
1014,0.0,0.0,0.0,0.0
1015,0.0,0.0,0.0,0.0
1016,0.0,0.0,0.0,0.0
1017,0.0,0.0,0.0,0.0
1018,0.0,0.0,0.0,0.0
1019,0.0,0.0,0.0,0.0
1020,0.0,0.0,0.0,0.0
1021,0.0,0.0,0.0,0.0
1022,0.0,0.0,0.0,0.0
1023,0.0,0.0,0.0,0.0
1024,0.0,0.0,0.0,0.0
1025,0.0,0.0,0.0,0.0
1026,0.0,0.0,0.0,0.0
1027,0.0,0.0,0.0,0.0
1028,0.0,0.0,0.0,0.0
1029,0.0,0.0,0.0,0.0
1030,0.0,0.0,0.0,0.0
1031,0.0,0.0,0.0,0.0
1032,0.0,0.0,0.0,0.0
1033,0.0,0.0,0.0,0.0
1034,0.0,0.0,0.0,0.0
1035,0.0,0.0,0.0,0.0
1036,0.0,0.0,0.0,0.0
1037,0.0,0.0,0.0,0.0
1038,0.0,0.0,0.0,0.0
1039,0.0,0.0,0.0,0.0
1040,0.0,0.0,0.0,0.0
1041,0.0,0.0,0.0,0.0
1042,0.0,0.0,0.0,0.0
1043,0.0,0.0,0.0,0.0
1044,0.0,0.0,0.0,0.0
1045,0.0,0.0,0.0,0.0
1046,0.0,0.0,0.0,0.0
1047,0.0,0.0,0.0,0.0
1048,0.0,0.0,0.0,0.0
1049,0.0,0.0,0.0,0.0
1050,0.0,0.0,0.0,0.0
1051,0.0,0.0,0.0,0.0
1052,0.0,0.0,0.0,0.0
1053,0.0,0.0,0.0,0.0
1054,0.0,0.0,0.0,0.0
1055,0.0,0.0,0.0,0.0
1056,0.0,0.0,0.0,0.0
1057,0.0,0.0,0.0,0.0
1058,0.0,0.0,0.0,0.0
1059,0.0,0.0,0.0,0.0
1060,0.0,0.0,0.0,0.0
1061,0.0,0.0,0.0,0.0
1062,0.0,0.0,0.0,0.0
1063,0.0,0.0,0.0,0.0
1064,0.0,0.0,0.0,0.0
1065,0.0,0.0,0.0,0.0
1066,0.0,0.0,0.0,0.0
1067,0.0,0.0,0.0,0.0
1068,0.0,0.0,0.0,0.0
1069,0.0,0.0,0.0,0.0
1070,0.0,0.0,0.0,0.0
1071,0.0,0.0,0.0,0.0
1072,0.0,0.0,0.0,0.0
1073,0.0,0.0,0.0,0.0
1074,0.0,0.0,0.0,0.0
1075,0.0,0.0,0.0,0.0
1076,0.0,0.0,0.0,0.0
1077,0.0,0.0,0.0,0.0
1078,0.0,0.0,0.0,0.0
1079,0.0,0.0,0.0,0.0
1080,0.0,0.0,0.0,0.0
1081,0.0,0.0,0.0,0.0
1082,0.0,0.0,0.0,0.0
1083,0.0,0.0,0.0,0.0
1084,0.0,0.0,0.0,0.0
1085,0.0,0.0,0.0,0.0
1086,0.0,0.0,0.0,0.0
1087,0.0,0.0,0.0,0.0
1088,0.0,0.0,0.0,0.0
1089,0.0,0.0,0.0,0.0
1090,0.0,0.0,0.0,0.0
1091,0.0,0.0,0.0,0.0
1092,0.0,0.0,0.0,0.0
1093,0.0,0.0,0.0,0.0
1094,0.0,0.0,0.0,0.0
1095,0.0,0.0,0.0,0.0
1096,0.0,0.0,0.0,0.0
1097,0.0,0.0,0.0,0.0
1098,0.0,0.0,0.0,0.0
1099,0.0,0.0,0.0,0.0
1100,0.0,0.0,0.0,0.0
1101,0.0,0.0,0.0,0.0
1102,0.0,0.0,0.0,0.0
1103,0.0,0.0,0.0,0.0
1104,0.0,0.0,0.0,0.0
1105,0.0,0.0,0.0,0.0
1106,0.0,0.0,0.0,0.0
1107,0.0,0.0,0.0,0.0
1108,0.0,0.0,0.0,0.0
1109,0.0,0.0,0.0,0.0
1110,0.0,0.0,0.0,0.0
1111,0.0,0.0,0.0,0.0
1112,0.0,0.0,0.0,0.0
1113,0.0,0.0,0.0,0.0
1114,0.0,0.0,0.0,0.0
1115,0.0,0.0,0.0,0.0
1116,0.0,0.0,0.0,0.0
1117,0.0,0.0,0.0,0.0
1118,0.0,0.0,0.0,0.0
1119,0.0,0.0,0.0,0.0
1120,0.0,0.0,0.0,0.0
1121,0.0,0.0,0.0,0.0
1122,0.0,0.0,0.0,0.0
1123,0.0,0.0,0.0,0.0
1124,0.0,0.0,0.0,0.0
1125,0.0,0.0,0.0,0.0
1126,0.0,0.0,0.0,0.0
1127,0.0,0.0,0.0,0.0
1128,0.0,0.0,0.0,0.0
1129,0.0,0.0,0.0,0.0
1130,0.0,0.0,0.0,0.0
1131,0.0,0.0,0.0,0.0
1132,0.0,0.0,0.0,0.0
1133,0.0,0.0,0.0,0.0
1134,0.0,0.0,0.0,0.0
1135,0.0,0.0,0.0,0.0
1136,0.0,0.0,0.0,0.0
1137,0.0,0.0,0.0,0.0
1138,0.0,0.0,0.0,0.0
1139,0.0,0.0,0.0,0.0
1140,0.0,0.0,0.0,0.0
1141,0.0,0.0,0.0,0.0
1142,0.0,0.0,0.0,0.0
1143,0.0,0.0,0.0,0.0
1144,0.0,0.0,0.0,0.0
1145,0.0,0.0,0.0,0.0
1146,0.0,0.0,0.0,0.0
1147,0.0,0.0,0.0,0.0
1148,0.0,0.0,0.0,0.0
1149,0.0,0.0,0.0,0.0
1150,0.0,0.0,0.0,0.0
1151,0.0,0.0,0.0,0.0
1152,0.0,0.0,0.0,0.0
1153,0.0,0.0,0.0,0.0
1154,0.0,0.0,0.0,0.0
1155,0.0,0.0,0.0,0.0
1156,0.0,0.0,0.0,0.0
1157,0.0,0.0,0.0,0.0
1158,0.0,0.0,0.0,0.0
1159,0.0,0.0,0.0,0.0
1160,0.0,0.0,0.0,0.0
1161,0.0,0.0,0.0,0.0
1162,0.0,0.0,0.0,0.0
1163,0.0,0.0,0.0,0.0
1164,0.0,0.0,0.0,0.0
1165,0.0,0.0,0.0,0.0
1166,0.0,0.0,0.0,0.0
1167,0.0,0.0,0.0,0.0
1168,0.0,0.0,0.0,0.0
1169,0.0,0.0,0.0,0.0
1170,0.0,0.0,0.0,0.0
1171,0.0,0.0,0.0,0.0
1172,0.0,0.0,0.0,0.0
1173,0.0,0.0,0.0,0.0
1174,0.0,0.0,0.0,0.0
1175,0.0,0.0,0.0,0.0
1176,0.0,0.0,0.0,0.0
1177,0.0,0.0,0.0,0.0
1178,0.0,0.0,0.0,0.0
1179,0.0,0.0,0.0,0.0
1180,0.0,0.0,0.0,0.0
1181,0.0,0.0,0.0,0.0
1182,0.0,0.0,0.0,0.0
1183,0.0,0.0,0.0,0.0
1184,0.0,0.0,0.0,0.0
1185,0.0,0.0,0.0,0.0
1186,0.0,0.0,0.0,0.0
1187,0.0,0.0,0.0,0.0
1188,0.0,0.0,0.0,0.0
1189,0.0,0.0,0.0,0.0
1190,0.0,0.0,0.0,0.0
1191,0.0,0.0,0.0,0.0
1192,0.0,0.0,0.0,0.0
1193,0.0,0.0,0.0,0.0
1194,0.0,0.0,0.0,0.0
1195,0.0,0.0,0.0,0.0
1196,0.0,0.0,0.0,0.0
1197,0.0,0.0,0.0,0.0
1198,0.0,0.0,0.0,0.0
1199,0.0,0.0,0.0,0.0
1200,0.0,0.0,0.0,0.0
1201,0.0,0.0,0.0,0.0
1202,0.0,0.0,0.0,0.0
1203,0.0,0.0,0.0,0.0
1204,0.0,0.0,0.0,0.0
1205,0.0,0.0,0.0,0.0
1206,0.0,0.0,0.0,0.0
1207,0.0,0.0,0.0,0.0
1208,0.0,0.0,0.0,0.0
1209,0.0,0.0,0.0,0.0
1210,0.0,0.0,0.0,0.0
1211,0.0,0.0,0.0,0.0
1212,0.0,0.0,0.0,0.0
1213,0.0,0.0,0.0,0.0
1214,0.0,0.0,0.0,0.0
1215,0.0,0.0,0.0,0.0
1216,0.0,0.0,0.0,0.0
1217,0.0,0.0,0.0,0.0
1218,0.0,0.0,0.0,0.0
1219,0.0,0.0,0.0,0.0
1220,0.0,0.0,0.0,0.0
1221,0.0,0.0,0.0,0.0
1222,0.0,0.0,0.0,0.0
1223,0.0,0.0,0.0,0.0
1224,0.0,0.0,0.0,0.0
1225,0.0,0.0,0.0,0.0
1226,0.0,0.0,0.0,0.0
1227,0.0,0.0,0.0,0.0
1228,0.0,0.0,0.0,0.0
1229,0.0,0.0,0.0,0.0
1230,0.0,0.0,0.0,0.0
1231,0.0,0.0,0.0,0.0
1232,0.0,0.0,0.0,0.0
1233,0.0,0.0,0.0,0.0
1234,0.0,0.0,0.0,0.0
1235,0.0,0.0,0.0,0.0
1236,0.0,0.0,0.0,0.0
1237,0.0,0.0,0.0,0.0
1238,0.0,0.0,0.0,0.0
1239,0.0,0.0,0.0,0.0
1240,0.0,0.0,0.0,0.0
1241,0.0,0.0,0.0,0.0
1242,0.0,0.0,0.0,0.0
1243,0.0,0.0,0.0,0.0
1244,0.0,0.0,0.0,0.0
1245,0.0,0.0,0.0,0.0
1246,0.0,0.0,0.0,0.0
1247,0.0,0.0,0.0,0.0
1248,0.0,0.0,0.0,0.0
1249,0.0,0.0,0.0,0.0
1250,0.0,0.0,0.0,0.0
1251,0.0,0.0,0.0,0.0
1252,0.0,0.0,0.0,0.0
1253,0.0,0.0,0.0,0.0
1254,0.0,0.0,0.0,0.0
1255,0.0,0.0,0.0,0.0
1256,0.0,0.0,0.0,0.0
1257,0.0,0.0,0.0,0.0
1258,0.0,0.0,0.0,0.0
1259,0.0,0.0,0.0,0.0
1260,0.0,0.0,0.0,0.0
1261,0.0,0.0,0.0,0.0
1262,0.0,0.0,0.0,0.0
1263,0.0,0.0,0.0,0.0
1264,0.0,0.0,0.0,0.0
1265,0.0,0.0,0.0,0.0
1266,0.0,0.0,0.0,0.0
1267,0.0,0.0,0.0,0.0
1268,0.0,0.0,0.0,0.0
1269,0.0,0.0,0.0,0.0
1270,0.0,0.0,0.0,0.0
1271,0.0,0.0,0.0,0.0
1272,0.0,0.0,0.0,0.0
1273,0.0,0.0,0.0,0.0
1274,0.0,0.0,0.0,0.0
1275,0.0,0.0,0.0,0.0
1276,0.0,0.0,0.0,0.0
1277,0.0,0.0,0.0,0.0
1278,0.0,0.0,0.0,0.0
1279,0.0,0.0,0.0,0.0
1280,0.0,0.0,0.0,0.0
1281,0.0,0.0,0.0,0.0
1282,0.0,0.0,0.0,0.0
1283,0.0,0.0,0.0,0.0
1284,0.0,0.0,0.0,0.0
1285,0.0,0.0,0.0,0.0
1286,0.0,0.0,0.0,0.0
1287,0.0,0.0,0.0,0.0
1288,0.0,0.0,0.0,0.0
1289,0.0,0.0,0.0,0.0
1290,0.0,0.0,0.0,0.0
1291,0.0,0.0,0.0,0.0
1292,0.0,0.0,0.0,0.0
1293,0.0,0.0,0.0,0.0
1294,0.0,0.0,0.0,0.0
1295,0.0,0.0,0.0,0.0
1296,0.0,0.0,0.0,0.0
1297,0.0,0.0,0.0,0.0
1298,0.0,0.0,0.0,0.0
1299,0.0,0.0,0.0,0.0
1300,0.0,0.0,0.0,0.0
1301,0.0,0.0,0.0,0.0
1302,0.0,0.0,0.0,0.0
1303,0.0,0.0,0.0,0.0
1304,0.0,0.0,0.0,0.0
1305,0.0,0.0,0.0,0.0
1306,0.0,0.0,0.0,0.0
1307,0.0,0.0,0.0,0.0
1308,0.0,0.0,0.0,0.0
1309,0.0,0.0,0.0,0.0
1310,0.0,0.0,0.0,0.0
1311,0.0,0.0,0.0,0.0
1312,0.0,0.0,0.0,0.0
1313,0.0,0.0,0.0,0.0
1314,0.0,0.0,0.0,0.0
1315,0.0,0.0,0.0,0.0
1316,0.0,0.0,0.0,0.0
1317,0.0,0.0,0.0,0.0
1318,0.0,0.0,0.0,0.0
1319,0.0,0.0,0.0,0.0
1320,0.0,0.0,0.0,0.0
1321,0.0,0.0,0.0,0.0
1322,0.0,0.0,0.0,0.0
1323,0.0,0.0,0.0,0.0
1324,0.0,0.0,0.0,0.0
1325,0.0,0.0,0.0,0.0
1326,0.0,0.0,0.0,0.0
1327,0.0,0.0,0.0,0.0
1328,0.0,0.0,0.0,0.0
1329,0.0,0.0,0.0,0.0
1330,0.0,0.0,0.0,0.0
1331,0.0,0.0,0.0,0.0
1332,0.0,0.0,0.0,0.0
1333,0.0,0.0,0.0,0.0
1334,0.0,0.0,0.0,0.0
1335,0.0,0.0,0.0,0.0
1336,0.0,0.0,0.0,0.0
1337,0.0,0.0,0.0,0.0
1338,0.0,0.0,0.0,0.0
1339,0.0,0.0,0.0,0.0
1340,0.0,0.0,0.0,0.0
1341,0.0,0.0,0.0,0.0
1342,0.0,0.0,0.0,0.0
1343,0.0,0.0,0.0,0.0
1344,0.0,0.0,0.0,0.0
1345,0.0,0.0,0.0,0.0
1346,0.0,0.0,0.0,0.0
1347,0.0,0.0,0.0,0.0
1348,0.0,0.0,0.0,0.0
1349,0.0,0.0,0.0,0.0
1350,0.0,0.0,0.0,0.0
1351,0.0,0.0,0.0,0.0
1352,0.0,0.0,0.0,0.0
1353,0.0,0.0,0.0,0.0
1354,0.0,0.0,0.0,0.0
1355,0.0,0.0,0.0,0.0
1356,0.0,0.0,0.0,0.0
1357,0.0,0.0,0.0,0.0
1358,0.0,0.0,0.0,0.0
1359,0.0,0.0,0.0,0.0
1360,0.0,0.0,0.0,0.0
1361,0.0,0.0,0.0,0.0
1362,0.0,0.0,0.0,0.0
1363,0.0,0.0,0.0,0.0
1364,0.0,0.0,0.0,0.0
1365,0.0,0.0,0.0,0.0
1366,0.0,0.0,0.0,0.0
1367,0.0,0.0,0.0,0.0
1368,0.0,0.0,0.0,0.0
1369,0.0,0.0,0.0,0.0
1370,0.0,0.0,0.0,0.0
1371,0.0,0.0,0.0,0.0
1372,0.0,0.0,0.0,0.0
1373,0.0,0.0,0.0,0.0
1374,0.0,0.0,0.0,0.0
1375,0.0,0.0,0.0,0.0
1376,0.0,0.0,0.0,0.0
1377,0.0,0.0,0.0,0.0
1378,0.0,0.0,0.0,0.0
1379,0.0,0.0,0.0,0.0
1380,0.0,0.0,0.0,0.0
1381,0.0,0.0,0.0,0.0
1382,0.0,0.0,0.0,0.0
1383,0.0,0.0,0.0,0.0
1384,0.0,0.0,0.0,0.0
1385,0.0,0.0,0.0,0.0
1386,0.0,0.0,0.0,0.0
1387,0.0,0.0,0.0,0.0
1388,0.0,0.0,0.0,0.0
1389,0.0,0.0,0.0,0.0
1390,0.0,0.0,0.0,0.0
1391,0.0,0.0,0.0,0.0
1392,0.0,0.0,0.0,0.0
1393,0.0,0.0,0.0,0.0
1394,0.0,0.0,0.0,0.0
1395,0.0,0.0,0.0,0.0
1396,0.0,0.0,0.0,0.0
1397,0.0,0.0,0.0,0.0
1398,0.0,0.0,0.0,0.0
1399,0.0,0.0,0.0,0.0
1400,0.0,0.0,0.0,0.0
1401,0.0,0.0,0.0,0.0
1402,0.0,0.0,0.0,0.0
1403,0.0,0.0,0.0,0.0
1404,0.0,0.0,0.0,0.0
1405,0.0,0.0,0.0,0.0
1406,0.0,0.0,0.0,0.0
1407,0.0,0.0,0.0,0.0
1408,0.0,0.0,0.0,0.0
1409,0.0,0.0,0.0,0.0
1410,0.0,0.0,0.0,0.0
1411,0.0,0.0,0.0,0.0
1412,0.0,0.0,0.0,0.0
1413,0.0,0.0,0.0,0.0
1414,0.0,0.0,0.0,0.0
1415,0.0,0.0,0.0,0.0
1416,0.0,0.0,0.0,0.0
1417,0.0,0.0,0.0,0.0
1418,0.0,0.0,0.0,0.0
1419,0.0,0.0,0.0,0.0
1420,0.0,0.0,0.0,0.0
1421,0.0,0.0,0.0,0.0
1422,0.0,0.0,0.0,0.0
1423,0.0,0.0,0.0,0.0
1424,0.0,0.0,0.0,0.0
1425,0.0,0.0,0.0,0.0
1426,0.0,0.0,0.0,0.0
1427,0.0,0.0,0.0,0.0
1428,0.0,0.0,0.0,0.0
1429,0.0,0.0,0.0,0.0
1430,0.0,0.0,0.0,0.0
1431,0.0,0.0,0.0,0.0
1432,0.0,0.0,0.0,0.0
1433,0.0,0.0,0.0,0.0
1434,0.0,0.0,0.0,0.0
1435,0.0,0.0,0.0,0.0
1436,0.0,0.0,0.0,0.0
1437,0.0,0.0,0.0,0.0
1438,0.0,0.0,0.0,0.0
1439,0.0,0.0,0.0,0.0
1440,0.0,0.0,0.0,0.0
1441,0.0,0.0,0.0,0.0
1442,0.0,0.0,0.0,0.0
1443,0.0,0.0,0.0,0.0
1444,0.0,0.0,0.0,0.0
1445,0.0,0.0,0.0,0.0
1446,0.0,0.0,0.0,0.0
1447,0.0,0.0,0.0,0.0
1448,0.0,0.0,0.0,0.0
1449,0.0,0.0,0.0,0.0
1450,0.0,0.0,0.0,0.0
1451,0.0,0.0,0.0,0.0
1452,0.0,0.0,0.0,0.0
1453,0.0,0.0,0.0,0.0
1454,0.0,0.0,0.0,0.0
1455,0.0,0.0,0.0,0.0
1456,0.0,0.0,0.0,0.0
1457,0.0,0.0,0.0,0.0
1458,0.0,0.0,0.0,0.0
1459,0.0,0.0,0.0,0.0
1460,0.0,0.0,0.0,0.0
1461,0.0,0.0,0.0,0.0
1462,0.0,0.0,0.0,0.0
1463,0.0,0.0,0.0,0.0
1464,0.0,0.0,0.0,0.0
1465,0.0,0.0,0.0,0.0
1466,0.0,0.0,0.0,0.0
1467,0.0,0.0,0.0,0.0
1468,0.0,0.0,0.0,0.0
1469,0.0,0.0,0.0,0.0
1470,0.0,0.0,0.0,0.0
1471,0.0,0.0,0.0,0.0
1472,0.0,0.0,0.0,0.0
1473,0.0,0.0,0.0,0.0
1474,0.0,0.0,0.0,0.0
1475,0.0,0.0,0.0,0.0
1476,0.0,0.0,0.0,0.0
1477,0.0,0.0,0.0,0.0
1478,0.0,0.0,0.0,0.0
1479,0.0,0.0,0.0,0.0
1480,0.0,0.0,0.0,0.0
1481,0.0,0.0,0.0,0.0
1482,0.0,0.0,0.0,0.0
1483,0.0,0.0,0.0,0.0
1484,0.0,0.0,0.0,0.0
1485,0.0,0.0,0.0,0.0
1486,0.0,0.0,0.0,0.0
1487,0.0,0.0,0.0,0.0
1488,0.0,0.0,0.0,0.0
1489,0.0,0.0,0.0,0.0
1490,0.0,0.0,0.0,0.0
1491,0.0,0.0,0.0,0.0
1492,0.0,0.0,0.0,0.0
1493,0.0,0.0,0.0,0.0
1494,0.0,0.0,0.0,0.0
1495,0.0,0.0,0.0,0.0
1496,0.0,0.0,0.0,0.0
1497,0.0,0.0,0.0,0.0
1498,0.0,0.0,0.0,0.0
1499,0.0,0.0,0.0,0.0
1500,0.0,0.0,0.0,0.0
1501,0.0,0.0,0.0,0.0
1502,0.0,0.0,0.0,0.0
1503,0.0,0.0,0.0,0.0
1504,0.0,0.0,0.0,0.0
1505,0.0,0.0,0.0,0.0
1506,0.0,0.0,0.0,0.0
1507,0.0,0.0,0.0,0.0
1508,0.0,0.0,0.0,0.0
1509,0.0,0.0,0.0,0.0
1510,0.0,0.0,0.0,0.0
1511,0.0,0.0,0.0,0.0
1512,0.0,0.0,0.0,0.0
1513,0.0,0.0,0.0,0.0
1514,0.0,0.0,0.0,0.0
1515,0.0,0.0,0.0,0.0
1516,0.0,0.0,0.0,0.0
1517,0.0,0.0,0.0,0.0
1518,0.0,0.0,0.0,0.0
1519,0.0,0.0,0.0,0.0
1520,0.0,0.0,0.0,0.0
1521,0.0,0.0,0.0,0.0
1522,0.0,0.0,0.0,0.0
1523,0.0,0.0,0.0,0.0
1524,0.0,0.0,0.0,0.0
1525,0.0,0.0,0.0,0.0
1526,0.0,0.0,0.0,0.0
1527,0.0,0.0,0.0,0.0
1528,0.0,0.0,0.0,0.0
1529,0.0,0.0,0.0,0.0
1530,0.0,0.0,0.0,0.0
1531,0.0,0.0,0.0,0.0
1532,0.0,0.0,0.0,0.0
1533,0.0,0.0,0.0,0.0
1534,0.0,0.0,0.0,0.0
1535,0.0,0.0,0.0,0.0
1536,0.0,0.0,0.0,0.0
1537,0.0,0.0,0.0,0.0
1538,0.0,0.0,0.0,0.0
1539,0.0,0.0,0.0,0.0
1540,0.0,0.0,0.0,0.0
1541,0.0,0.0,0.0,0.0
1542,0.0,0.0,0.0,0.0
1543,0.0,0.0,0.0,0.0
1544,0.0,0.0,0.0,0.0
1545,0.0,0.0,0.0,0.0
1546,0.0,0.0,0.0,0.0
1547,0.0,0.0,0.0,0.0
1548,0.0,0.0,0.0,0.0
1549,0.0,0.0,0.0,0.0
1550,0.0,0.0,0.0,0.0
1551,0.0,0.0,0.0,0.0
1552,0.0,0.0,0.0,0.0
1553,0.0,0.0,0.0,0.0
1554,0.0,0.0,0.0,0.0
1555,0.0,0.0,0.0,0.0
1556,0.0,0.0,0.0,0.0
1557,0.0,0.0,0.0,0.0
1558,0.0,0.0,0.0,0.0
1559,0.0,0.0,0.0,0.0
1560,0.0,0.0,0.0,0.0
1561,0.0,0.0,0.0,0.0
1562,0.0,0.0,0.0,0.0
1563,0.0,0.0,0.0,0.0
1564,0.0,0.0,0.0,0.0
1565,0.0,0.0,0.0,0.0
1566,0.0,0.0,0.0,0.0
1567,0.0,0.0,0.0,0.0
1568,0.0,0.0,0.0,0.0
1569,0.0,0.0,0.0,0.0
1570,0.0,0.0,0.0,0.0
1571,0.0,0.0,0.0,0.0
1572,0.0,0.0,0.0,0.0
1573,0.0,0.0,0.0,0.0
1574,0.0,0.0,0.0,0.0
1575,0.0,0.0,0.0,0.0
1576,0.0,0.0,0.0,0.0
1577,0.0,0.0,0.0,0.0
1578,0.0,0.0,0.0,0.0
1579,0.0,0.0,0.0,0.0
1580,0.0,0.0,0.0,0.0
1581,0.0,0.0,0.0,0.0
1582,0.0,0.0,0.0,0.0
1583,0.0,0.0,0.0,0.0
1584,0.0,0.0,0.0,0.0
1585,0.0,0.0,0.0,0.0
1586,0.0,0.0,0.0,0.0
1587,0.0,0.0,0.0,0.0
1588,0.0,0.0,0.0,0.0
1589,0.0,0.0,0.0,0.0
1590,0.0,0.0,0.0,0.0
1591,0.0,0.0,0.0,0.0
1592,0.0,0.0,0.0,0.0
1593,0.0,0.0,0.0,0.0
1594,0.0,0.0,0.0,0.0
1595,0.0,0.0,0.0,0.0
1596,0.0,0.0,0.0,0.0
1597,0.0,0.0,0.0,0.0
1598,0.0,0.0,0.0,0.0
1599,0.0,0.0,0.0,0.0
1600,0.0,0.0,0.0,0.0
1601,0.0,0.0,0.0,0.0
1602,0.0,0.0,0.0,0.0
1603,0.0,0.0,0.0,0.0
1604,0.0,0.0,0.0,0.0
1605,0.0,0.0,0.0,0.0
1606,0.0,0.0,0.0,0.0
1607,0.0,0.0,0.0,0.0
1608,0.0,0.0,0.0,0.0
1609,0.0,0.0,0.0,0.0
1610,0.0,0.0,0.0,0.0
1611,0.0,0.0,0.0,0.0
1612,0.0,0.0,0.0,0.0
1613,0.0,0.0,0.0,0.0
1614,0.0,0.0,0.0,0.0
1615,0.0,0.0,0.0,0.0
1616,0.0,0.0,0.0,0.0
1617,0.0,0.0,0.0,0.0
1618,0.0,0.0,0.0,0.0
1619,0.0,0.0,0.0,0.0
1620,0.0,0.0,0.0,0.0
1621,0.0,0.0,0.0,0.0
1622,0.0,0.0,0.0,0.0
1623,0.0,0.0,0.0,0.0
1624,0.0,0.0,0.0,0.0
1625,0.0,0.0,0.0,0.0
1626,0.0,0.0,0.0,0.0
1627,0.0,0.0,0.0,0.0
1628,0.0,0.0,0.0,0.0
1629,0.0,0.0,0.0,0.0
1630,0.0,0.0,0.0,0.0
1631,0.0,0.0,0.0,0.0
1632,0.0,0.0,0.0,0.0
1633,0.0,0.0,0.0,0.0
1634,0.0,0.0,0.0,0.0
1635,0.0,0.0,0.0,0.0
1636,0.0,0.0,0.0,0.0
1637,0.0,0.0,0.0,0.0
1638,0.0,0.0,0.0,0.0
1639,0.0,0.0,0.0,0.0
1640,0.0,0.0,0.0,0.0
1641,0.0,0.0,0.0,0.0
1642,0.0,0.0,0.0,0.0
1643,0.0,0.0,0.0,0.0
1644,0.0,0.0,0.0,0.0
1645,0.0,0.0,0.0,0.0
1646,0.0,0.0,0.0,0.0
1647,0.0,0.0,0.0,0.0
1648,0.0,0.0,0.0,0.0
1649,0.0,0.0,0.0,0.0
1650,0.0,0.0,0.0,0.0
1651,0.0,0.0,0.0,0.0
1652,0.0,0.0,0.0,0.0
1653,0.0,0.0,0.0,0.0
1654,0.0,0.0,0.0,0.0
1655,0.0,0.0,0.0,0.0
1656,0.0,0.0,0.0,0.0
1657,0.0,0.0,0.0,0.0
1658,0.0,0.0,0.0,0.0
1659,0.0,0.0,0.0,0.0
1660,0.0,0.0,0.0,0.0
1661,0.0,0.0,0.0,0.0
1662,0.0,0.0,0.0,0.0
1663,0.0,0.0,0.0,0.0
1664,0.0,0.0,0.0,0.0
1665,0.0,0.0,0.0,0.0
1666,0.0,0.0,0.0,0.0
1667,0.0,0.0,0.0,0.0
1668,0.0,0.0,0.0,0.0
1669,0.0,0.0,0.0,0.0
1670,0.0,0.0,0.0,0.0
1671,0.0,0.0,0.0,0.0
1672,0.0,0.0,0.0,0.0
1673,0.0,0.0,0.0,0.0
1674,0.0,0.0,0.0,0.0
1675,0.0,0.0,0.0,0.0
1676,0.0,0.0,0.0,0.0
1677,0.0,0.0,0.0,0.0
1678,0.0,0.0,0.0,0.0
1679,0.0,0.0,0.0,0.0
1680,0.0,0.0,0.0,0.0
1681,0.0,0.0,0.0,0.0
1682,0.0,0.0,0.0,0.0
1683,0.0,0.0,0.0,0.0
1684,0.0,0.0,0.0,0.0
1685,0.0,0.0,0.0,0.0
1686,0.0,0.0,0.0,0.0
1687,0.0,0.0,0.0,0.0
1688,0.0,0.0,0.0,0.0
1689,0.0,0.0,0.0,0.0
1690,0.0,0.0,0.0,0.0
1691,0.0,0.0,0.0,0.0
1692,0.0,0.0,0.0,0.0
1693,0.0,0.0,0.0,0.0
1694,0.0,0.0,0.0,0.0
1695,0.0,0.0,0.0,0.0
1696,0.0,0.0,0.0,0.0
1697,0.0,0.0,0.0,0.0
1698,0.0,0.0,0.0,0.0
1699,0.0,0.0,0.0,0.0
1700,0.0,0.0,0.0,0.0
1701,0.0,0.0,0.0,0.0
1702,0.0,0.0,0.0,0.0
1703,0.0,0.0,0.0,0.0
1704,0.0,0.0,0.0,0.0
1705,0.0,0.0,0.0,0.0
1706,0.0,0.0,0.0,0.0
1707,0.0,0.0,0.0,0.0
1708,0.0,0.0,0.0,0.0
1709,0.0,0.0,0.0,0.0
1710,0.0,0.0,0.0,0.0
1711,0.0,0.0,0.0,0.0
1712,0.0,0.0,0.0,0.0
1713,0.0,0.0,0.0,0.0
1714,0.0,0.0,0.0,0.0
1715,0.0,0.0,0.0,0.0
1716,0.0,0.0,0.0,0.0
1717,0.0,0.0,0.0,0.0
1718,0.0,0.0,0.0,0.0
1719,0.0,0.0,0.0,0.0
1720,0.0,0.0,0.0,0.0
1721,0.0,0.0,0.0,0.0
1722,0.0,0.0,0.0,0.0
1723,0.0,0.0,0.0,0.0
1724,0.0,0.0,0.0,0.0
1725,0.0,0.0,0.0,0.0
1726,0.0,0.0,0.0,0.0
1727,0.0,0.0,0.0,0.0
1728,0.0,0.0,0.0,0.0
1729,0.0,0.0,0.0,0.0
1730,0.0,0.0,0.0,0.0
1731,0.0,0.0,0.0,0.0
1732,0.0,0.0,0.0,0.0
1733,0.0,0.0,0.0,0.0
1734,0.0,0.0,0.0,0.0
1735,0.0,0.0,0.0,0.0
1736,0.0,0.0,0.0,0.0
1737,0.0,0.0,0.0,0.0
1738,0.0,0.0,0.0,0.0
1739,0.0,0.0,0.0,0.0
1740,0.0,0.0,0.0,0.0
1741,0.0,0.0,0.0,0.0
1742,0.0,0.0,0.0,0.0
1743,0.0,0.0,0.0,0.0
1744,0.0,0.0,0.0,0.0
1745,0.0,0.0,0.0,0.0
1746,0.0,0.0,0.0,0.0
1747,0.0,0.0,0.0,0.0
1748,0.0,0.0,0.0,0.0
1749,0.0,0.0,0.0,0.0
1750,0.0,0.0,0.0,0.0
1751,0.0,0.0,0.0,0.0
1752,0.0,0.0,0.0,0.0
1753,0.0,0.0,0.0,0.0
1754,0.0,0.0,0.0,0.0
1755,0.0,0.0,0.0,0.0
1756,0.0,0.0,0.0,0.0
1757,0.0,0.0,0.0,0.0
1758,0.0,0.0,0.0,0.0
1759,0.0,0.0,0.0,0.0
1760,0.0,0.0,0.0,0.0
1761,0.0,0.0,0.0,0.0
1762,0.0,0.0,0.0,0.0
1763,0.0,0.0,0.0,0.0
1764,0.0,0.0,0.0,0.0
1765,0.0,0.0,0.0,0.0
1766,0.0,0.0,0.0,0.0
1767,0.0,0.0,0.0,0.0
1768,0.0,0.0,0.0,0.0
1769,0.0,0.0,0.0,0.0
1770,0.0,0.0,0.0,0.0
1771,0.0,0.0,0.0,0.0
1772,0.0,0.0,0.0,0.0
1773,0.0,0.0,0.0,0.0
1774,0.0,0.0,0.0,0.0
1775,0.0,0.0,0.0,0.0
1776,0.0,0.0,0.0,0.0
1777,0.0,0.0,0.0,0.0
1778,0.0,0.0,0.0,0.0
1779,0.0,0.0,0.0,0.0
1780,0.0,0.0,0.0,0.0
1781,0.0,0.0,0.0,0.0
1782,0.0,0.0,0.0,0.0
1783,0.0,0.0,0.0,0.0
1784,0.0,0.0,0.0,0.0
1785,0.0,0.0,0.0,0.0
1786,0.0,0.0,0.0,0.0
1787,0.0,0.0,0.0,0.0
1788,0.0,0.0,0.0,0.0
1789,0.0,0.0,0.0,0.0
1790,0.0,0.0,0.0,0.0
1791,0.0,0.0,0.0,0.0
1792,0.0,0.0,0.0,0.0
1793,0.0,0.0,0.0,0.0
1794,0.0,0.0,0.0,0.0
1795,0.0,0.0,0.0,0.0
1796,0.0,0.0,0.0,0.0
1797,0.0,0.0,0.0,0.0
1798,0.0,0.0,0.0,0.0
1799,0.0,0.0,0.0,0.0
1800,0.0,0.0,0.0,0.0
1801,0.0,0.0,0.0,0.0
1802,0.0,0.0,0.0,0.0
1803,0.0,0.0,0.0,0.0
1804,0.0,0.0,0.0,0.0
1805,0.0,0.0,0.0,0.0
1806,0.0,0.0,0.0,0.0
1807,0.0,0.0,0.0,0.0
1808,0.0,0.0,0.0,0.0
1809,0.0,0.0,0.0,0.0
1810,0.0,0.0,0.0,0.0
1811,0.0,0.0,0.0,0.0
1812,0.0,0.0,0.0,0.0
1813,0.0,0.0,0.0,0.0
1814,0.0,0.0,0.0,0.0
1815,0.0,0.0,0.0,0.0
1816,0.0,0.0,0.0,0.0
1817,0.0,0.0,0.0,0.0
1818,0.0,0.0,0.0,0.0
1819,0.0,0.0,0.0,0.0
1820,0.0,0.0,0.0,0.0
1821,0.0,0.0,0.0,0.0
1822,0.0,0.0,0.0,0.0
1823,0.0,0.0,0.0,0.0
1824,0.0,0.0,0.0,0.0
1825,0.0,0.0,0.0,0.0
1826,0.0,0.0,0.0,0.0
1827,0.0,0.0,0.0,0.0
1828,0.0,0.0,0.0,0.0
1829,0.0,0.0,0.0,0.0
1830,0.0,0.0,0.0,0.0
1831,0.0,0.0,0.0,0.0
1832,0.0,0.0,0.0,0.0
1833,0.0,0.0,0.0,0.0
1834,0.0,0.0,0.0,0.0
1835,0.0,0.0,0.0,0.0
1836,0.0,0.0,0.0,0.0
1837,0.0,0.0,0.0,0.0
1838,0.0,0.0,0.0,0.0
1839,0.0,0.0,0.0,0.0
1840,0.0,0.0,0.0,0.0
1841,0.0,0.0,0.0,0.0
1842,0.0,0.0,0.0,0.0
1843,0.0,0.0,0.0,0.0
1844,0.0,0.0,0.0,0.0
1845,0.0,0.0,0.0,0.0
1846,0.0,0.0,0.0,0.0
1847,0.0,0.0,0.0,0.0
1848,0.0,0.0,0.0,0.0
1849,0.0,0.0,0.0,0.0
1850,0.0,0.0,0.0,0.0
1851,0.0,0.0,0.0,0.0
1852,0.0,0.0,0.0,0.0
1853,0.0,0.0,0.0,0.0
1854,0.0,0.0,0.0,0.0
1855,0.0,0.0,0.0,0.0
1856,0.0,0.0,0.0,0.0
1857,0.0,0.0,0.0,0.0
1858,0.0,0.0,0.0,0.0
1859,0.0,0.0,0.0,0.0
1860,0.0,0.0,0.0,0.0
1861,0.0,0.0,0.0,0.0
1862,0.0,0.0,0.0,0.0
1863,0.0,0.0,0.0,0.0
1864,0.0,0.0,0.0,0.0
1865,0.0,0.0,0.0,0.0
1866,0.0,0.0,0.0,0.0
1867,0.0,0.0,0.0,0.0
1868,0.0,0.0,0.0,0.0
1869,0.0,0.0,0.0,0.0
1870,0.0,0.0,0.0,0.0
1871,0.0,0.0,0.0,0.0
1872,0.0,0.0,0.0,0.0
1873,0.0,0.0,0.0,0.0
1874,0.0,0.0,0.0,0.0
1875,0.0,0.0,0.0,0.0
1876,0.0,0.0,0.0,0.0
1877,0.0,0.0,0.0,0.0
1878,0.0,0.0,0.0,0.0
1879,0.0,0.0,0.0,0.0
1880,0.0,0.0,0.0,0.0
1881,0.0,0.0,0.0,0.0
1882,0.0,0.0,0.0,0.0
1883,0.0,0.0,0.0,0.0
1884,0.0,0.0,0.0,0.0
1885,0.0,0.0,0.0,0.0
1886,0.0,0.0,0.0,0.0
1887,0.0,0.0,0.0,0.0
1888,0.0,0.0,0.0,0.0
1889,0.0,0.0,0.0,0.0
1890,0.0,0.0,0.0,0.0
1891,0.0,0.0,0.0,0.0
1892,0.0,0.0,0.0,0.0
1893,0.0,0.0,0.0,0.0
1894,0.0,0.0,0.0,0.0
1895,0.0,0.0,0.0,0.0
1896,0.0,0.0,0.0,0.0
1897,0.0,0.0,0.0,0.0
1898,0.0,0.0,0.0,0.0
1899,0.0,0.0,0.0,0.0
1900,0.0,0.0,0.0,0.0
1901,0.0,0.0,0.0,0.0
1902,0.0,0.0,0.0,0.0
1903,0.0,0.0,0.0,0.0
1904,0.0,0.0,0.0,0.0
1905,0.0,0.0,0.0,0.0
1906,0.0,0.0,0.0,0.0
1907,0.0,0.0,0.0,0.0
1908,0.0,0.0,0.0,0.0
1909,0.0,0.0,0.0,0.0
1910,0.0,0.0,0.0,0.0
1911,0.0,0.0,0.0,0.0
1912,0.0,0.0,0.0,0.0
1913,0.0,0.0,0.0,0.0
1914,0.0,0.0,0.0,0.0
1915,0.0,0.0,0.0,0.0
1916,0.0,0.0,0.0,0.0
1917,0.0,0.0,0.0,0.0
1918,0.0,0.0,0.0,0.0
1919,0.0,0.0,0.0,0.0
1920,0.0,0.0,0.0,0.0
1921,0.0,0.0,0.0,0.0
1922,0.0,0.0,0.0,0.0
1923,0.0,0.0,0.0,0.0
1924,0.0,0.0,0.0,0.0
1925,0.0,0.0,0.0,0.0
1926,0.0,0.0,0.0,0.0
1927,0.0,0.0,0.0,0.0
1928,0.0,0.0,0.0,0.0
1929,0.0,0.0,0.0,0.0
1930,0.0,0.0,0.0,0.0
1931,0.0,0.0,0.0,0.0
1932,0.0,0.0,0.0,0.0
1933,0.0,0.0,0.0,0.0
1934,0.0,0.0,0.0,0.0
1935,0.0,0.0,0.0,0.0
1936,0.0,0.0,0.0,0.0
1937,0.0,0.0,0.0,0.0
1938,0.0,0.0,0.0,0.0
1939,0.0,0.0,0.0,0.0
1940,0.0,0.0,0.0,0.0
1941,0.0,0.0,0.0,0.0
1942,0.0,0.0,0.0,0.0
1943,0.0,0.0,0.0,0.0
1944,0.0,0.0,0.0,0.0
1945,0.0,0.0,0.0,0.0
1946,0.0,0.0,0.0,0.0
1947,0.0,0.0,0.0,0.0
1948,0.0,0.0,0.0,0.0
1949,0.0,0.0,0.0,0.0
1950,0.0,0.0,0.0,0.0
1951,0.0,0.0,0.0,0.0
1952,0.0,0.0,0.0,0.0
1953,0.0,0.0,0.0,0.0
1954,0.0,0.0,0.0,0.0
1955,0.0,0.0,0.0,0.0
1956,0.0,0.0,0.0,0.0
1957,0.0,0.0,0.0,0.0
1958,0.0,0.0,0.0,0.0
1959,0.0,0.0,0.0,0.0
1960,0.0,0.0,0.0,0.0
1961,0.0,0.0,0.0,0.0
1962,0.0,0.0,0.0,0.0
1963,0.0,0.0,0.0,0.0
1964,0.0,0.0,0.0,0.0
1965,0.0,0.0,0.0,0.0
1966,0.0,0.0,0.0,0.0
1967,0.0,0.0,0.0,0.0
1968,0.0,0.0,0.0,0.0
1969,0.0,0.0,0.0,0.0
1970,0.0,0.0,0.0,0.0
1971,0.0,0.0,0.0,0.0
1972,0.0,0.0,0.0,0.0
1973,0.0,0.0,0.0,0.0
1974,0.0,0.0,0.0,0.0
1975,0.0,0.0,0.0,0.0
1976,0.0,0.0,0.0,0.0
1977,0.0,0.0,0.0,0.0
1978,0.0,0.0,0.0,0.0
1979,0.0,0.0,0.0,0.0
1980,0.0,0.0,0.0,0.0
1981,0.0,0.0,0.0,0.0
1982,0.0,0.0,0.0,0.0
1983,0.0,0.0,0.0,0.0
1984,0.0,0.0,0.0,0.0
1985,0.0,0.0,0.0,0.0
1986,0.0,0.0,0.0,0.0
1987,0.0,0.0,0.0,0.0
1988,0.0,0.0,0.0,0.0
1989,0.0,0.0,0.0,0.0
1990,0.0,0.0,0.0,0.0
1991,0.0,0.0,0.0,0.0
1992,0.0,0.0,0.0,0.0
1993,0.0,0.0,0.0,0.0
1994,0.0,0.0,0.0,0.0
1995,0.0,0.0,0.0,0.0
1996,0.0,0.0,0.0,0.0
1997,0.0,0.0,0.0,0.0
1998,0.0,0.0,0.0,0.0
1999,0.0,0.0,0.0,0.0
